抽取实体,实体类型（标签）,语义关系,关系属性,目标实体
气血逆乱,病因病机,引起,,中风
瘀血阻滞,病因病机,引起,,中风
中风,疾病,由···引起,,气血逆乱
中风,疾病,由···引起,,淤血阻滞
中风,疾病,由···引起,,情志失调
中风,疾病,由···引起,,饮食不节
中风,疾病,由···引起,,久病失治误治
情志失调,病因,引起,,中风
饮食不节,病因,引起,,中风
久病失治误治,病因,引起,,中风
情志失调,病因,包括,,怒
情志失调,病因,包括,,喜
饮食不节,病因,包括,,膏梁美味
饮食不节,病因,包括,,咸
饮食不节,病因,包括,,酒
久病失治误治,病因,包括,,消渴
久病失治误治,病因,包括,,风头眩
脑之气街受阻,病机,引起,,中风
脑之气血不和,病机,引起,,中风
中风,疾病,由···引起,,脑之气血不和
中风,疾病,由···引起,,脑之气街受阻
破血化瘀,治则治法,适用于,,中风
泻热醒神,治则治法,适用于,,中风
化痰开窍,治则治法,适用于,,中风
中风,疾病,采用,,破血化瘀
中风,疾病,采用,,泻热醒神
中风,疾病,采用,,化痰开窍
以通为主,治则治法,适用于,,急性期
急性期,疾病分期,采用,,以通为主
（三化汤加生蒲黄、桃仁、煨皂角）,方剂,适应症,,急性期
急性期,疾病分期,适用药,"成立条件：发病72小时内
操作：先用（三化汤加生蒲黄、桃仁、煨皂角）",（三化汤加生蒲黄、桃仁、煨皂角）
（三化汤加生蒲黄、桃仁、煨皂角）,方剂,适应症,成立条件：发病72小时内,急性期
（三化汤加生蒲黄、桃仁、煨皂角）,方剂,用法用量是,,水煎服
（三化汤加生蒲黄、桃仁、煨皂角）,方剂,用药原则,,得利停服
急性期,疾病分期,适用药,"成立条件：发病72小时内
操作：同时用清开灵注射液",清开灵注射液
急性期,疾病分期,适用药,"成立条件：发病72小时内
操作：选用醒脑静注射液",醒脑静注射液
急性期,疾病分期,适用药,"成立条件：发病72小时内
操作：选用血塞通注射液",血塞通注射液
清开灵注射液,中成药,用法用量是,"成立条件：急性期，发病72小时内
操作：静脉滴注，一天2次，疗程28天",静脉滴注，一天2次，疗程28天
醒脑静注射液,中成药,用法用量是,"成立条件：急性期，发病72小时内
操作：静脉滴注，一天2次，疗程28天",静脉滴注，一天2次，疗程28天
血塞通注射液,中成药,用法用量是,"成立条件：急性期，发病72小时内
操作：静脉滴注，一天2次，疗程28天",静脉滴注，一天2次，疗程28天
急性期,疾病分期,适用药,"成立条件：发病72小时内到15天内
操作：抵挡汤",抵挡汤
急性期,疾病分期,适用药,"成立条件：发病72小时内到15天内
操作：选用醒脑健神胶丸",醒脑健神胶丸
急性期,疾病分期,适用药,"成立条件：发病72小时内到15天内，兼见神昏
操作：抵挡汤",抵挡汤
抵挡汤,方剂,用法用量是,"成立条件：急性期，发病72小时内到15天内
操作：口服，6小时一次，疗程14天",口服，6小时一次，疗程14天
醒脑健神胶丸,中成药,用法用量是,"成立条件：急性期，发病72小时内到15天内
操作：每次4-6粒，6小时一次，疗程14天",每次4-6粒，6小时一次，疗程14天
抵挡汤,方剂,用法用量是,"成立条件：急性期，发病72小时内到15天内，兼见神昏
操作：鼻饲或肛门高位灌肠，疗程14天",鼻饲或肛门高位灌肠，疗程14天
急性期,疾病分期,适用药,"成立条件：发病15天到30天
操作：先用（补阳还五汤减黄芪加生蒲黄、苏木、土鳖虫、稀莶草）",（补阳还五汤减黄芪加生蒲黄、苏木、土鳖虫、稀莶草）
急性期,疾病分期,适用药,"成立条件：发病15天到30天
操作：选用中风脑得平
",中风脑得平
（补阳还五汤减黄芪加生蒲黄、苏木、土鳖虫、稀莶草）,方剂,用法用量是,"成立条件：急性期，发病15天到30天
操作：水煎服，8小时一次，疗程14天",水煎服，8小时一次，疗程14天
中风脑得平,方剂,用法用量是,"成立条件：急性期，发病15天到30天
操作：每次7-8粒，8小时一次，疗程14天",每次7-8粒，8小时一次，疗程14天
急性期,疾病分期,辅助治疗,"成立条件：兼见神昏
操作：加服安宫牛黄丸",安宫牛黄丸
安宫牛黄丸,中成药,用法用量是,"成立条件：急性期，兼见神昏
操作：每次1丸，8小时1次",每次1丸，8小时1次
急性期,疾病分期,辅助治疗,"成立条件：兼见烦躁不安
操作：加服黄连解毒汤",黄连解毒汤
黄连解毒汤,方剂,用法用量是,"成立条件：急性期，兼见烦躁不安
操作：送服局方牛黄至宝丹，6小时1次",送服局方牛黄至宝丹，6小时1次
急性期,疾病分期,辅助治疗,"成立条件：兼见风头旋、高血压
操作：汤剂加羚羊角、玳瑁、莱菔子",（汤剂加羚羊角、玳瑁、莱菔子）
急性期,疾病分期,辅助治疗,"成立条件：兼见风头旋、高血压
操作：针刺疗法",针刺曲池穴
针刺曲池穴,外治法,操作,"成立条件：急性期，兼见风头旋、高血压
操作：曲池穴刺血",曲池穴刺血
急性期,疾病分期,辅助治疗,"成立条件：兼见风头旋、高血压
操作：贴敷涌泉穴",贴敷涌泉穴
贴敷涌泉穴,外治法,操作,"成立条件：急性期，兼见风头旋、高血压
操作：共为面，蜂蜜调和，敷足心涌泉穴24小时",蜂蜜调和，敷足心涌泉穴24小时
贴敷涌泉穴,外治法,由···组成,,吴茱萸
贴敷涌泉穴,外治法,由···组成,,附子
贴敷涌泉穴,外治法,由···组成,,淮牛膝
贴敷涌泉穴,外治法,由···组成,,茺蔚子
吴茱萸,中药材,组成,,贴敷涌泉穴
附子,中药材,组成,,贴敷涌泉穴
淮牛膝,中药材,组成,,贴敷涌泉穴
茺蔚子,中药材,组成,,贴敷涌泉穴
急性期,疾病分期,辅助治疗,"成立条件：兼见脱证/低血压
操作：加用参麦注射液",参麦注射液
急性期,疾病分期,辅助治疗,"成立条件：兼见脱证/低血压
操作：加用参附注射液",参附注射液
参麦注射液,中成药,用法用量是,,静脉滴注
参附注射液,中成药,用法用量是,,静脉滴注
急性期,疾病分期,辅助治疗,"成立条件：头痛
操作：透顶止痛散",透顶止痛散
透顶止痛散,方剂,用法用量是,,共为面，搐鼻
透顶止痛散,方剂,用药原则,,搐鼻即止
急性期,疾病分期,辅助治疗,"成立条件：呕血、便血
操作：加用（大黄黄连泻心汤加白及、马灯草）",（大黄黄连泻心汤加白及、马灯草）
（大黄黄连泻心汤加白及、马灯草）,方剂,用法用量是,"成立条件：急性期，呕血、便血
操作：水煎服，6小时1次",水煎服，6小时1次
急性期,疾病分期,辅助治疗,"成立条件：胸骨后疼痛、急性心肌梗死
操作：加用参麦注射液",参麦注射液
急性期,疾病分期,辅助治疗,"成立条件：胸骨后疼痛、急性心肌梗死
操作：加用四妙勇安汤",四妙勇安汤
参麦注射液,中成药,用法用量是,"成立条件：急性期，胸骨后疼痛、急性心肌梗死
操作：静脉滴注，1天2次",静脉滴注，1天2次
四妙勇安汤,方剂,用法用量是,"成立条件：急性期，胸骨后疼痛、急性心肌梗死
操作：水煎服，6小时1次",水煎服，6小时1次
急性期,疾病分期,辅助治疗,"成立条件：喉间痰鸣
操作：猴枣散",猴枣散
猴枣散,方剂,用法用量是,"成立条件：急性期，喉间痰鸣
操作：鲜沥水1汤匙，兑猴枣散",鲜沥水1汤匙，兑猴枣散
急性期,疾病分期,辅助治疗,"成立条件：呃逆
操作：加服平逆止呃汤
机制：防止合病心衰、真心痛",平逆止呃汤
平逆止呃汤,方剂,方药加,"成立条件：气虚
操作：加生晒人参",生晒人参
平逆止呃汤,方剂,用法用量是,"成立条件：急性期，呃逆
操作：水煎服，8小时1次",水煎服，8小时1次
急性期,疾病分期,辅助治疗,"成立条件：肺部感染、发热
操作：加用清肺汤",清肺汤
清肺汤,方剂,用法用量是,"成立条件：急性期，肺部感染、发热
操作：水煎服，6小时1次，兑服瓜霜退热灵7粒",水煎服，6小时1次，兑服瓜霜退热灵7粒
急性期,疾病分期,辅助治疗,"成立条件：心衰
操作：加用白通加猪胆汁汤",白通加猪胆汁汤
白通加猪胆汁汤,方剂,用法用量是,"成立条件：急性期，心衰
操作：6小时1次",6小时1次
急性期,疾病分期,辅助治疗,"成立条件：神昏/不省人事
操作：加用醒脑静注射液",醒脑静注射液
急性期,疾病分期,辅助治疗,"成立条件：神昏/不省人事
操作：宣窍醒神汤",宣窍醒神汤
急性期,疾病分期,辅助治疗,"成立条件：神昏/不省人事
操作：送服醒脑散",醒脑散
急性期,疾病分期,辅助治疗,"成立条件：神昏/不省人事
操作：颠倒散塞耳",醒脑散塞耳
醒脑静注射液,中成药,用法用量是,"成立条件：急性期，神昏/不省人事
操作：静脉滴注，1天2次",静脉滴注，1天2次
宣窍醒神汤,方剂,用法用量是,"成立条件：急性期，神昏/不省人事
操作：水煎服，6小时1次，送服醒脑散",水煎服，6小时1次，送服醒脑散
醒脑散,方剂,用法用量是,"成立条件：急性期，神昏/不省人事
操作：共为细面，每次2~3克，6小时1次，兑服宣窍醒神汤",共为细面，每次2~3克，6小时1次，兑服宣窍醒神汤
醒脑散塞耳,外治法,用法用量是,"成立条件：急性期，神昏/不省人事
操作：纱布包好放入两耳孔中，12小时取出",纱布包好放入两耳孔中，12小时取出
急性期,疾病分期,辅助治疗,"成立条件：吞咽困难、饮水即呛
操作：会厌逐瘀汤",会厌逐瘀汤
急性期,疾病分期,辅助治疗,"成立条件：吞咽困难、饮水即呛
操作：配合针刺天突等",针刺天突等
针刺天突等,外治法,操作,"成立条件：急性期，吞咽困难、饮水即呛
操作：（针刺天突穴、金津（双）、玉液（双）（后二穴点刺）、翳风穴）",（针刺天突穴、金津（双）、玉液（双）（后二穴点刺）、翳风穴）
急性期,疾病分期,辅助治疗,"成立条件：患肢肿胀
操作：中药外洗",中药外洗
中药外洗,外治法,操作,"成立条件：急性期，患肢肿胀
操作：水煎洗",水煎洗
中药外洗,外治法,由···组成,,透骨草
中药外洗,外治法,由···组成,,三棱
中药外洗,外治法,由···组成,,莪术
中药外洗,外治法,由···组成,,片姜黄
中药外洗,外治法,由···组成,,稀莶草
中药外洗,外治法,由···组成,,桑枝
中药外洗,外治法,由···组成,,海桐皮
中药外洗,外治法,由···组成,,附子
透骨草,中药材,组成,,中药外洗
三棱,中药材,组成,,中药外洗
莪术,中药材,组成,,中药外洗
片姜黄,中药材,组成,,中药外洗
稀莶草,中药材,组成,,中药外洗
桑枝,中药材,组成,,中药外洗
海桐皮,中药材,组成,,中药外洗
附子,中药材,组成,,中药外洗
口舌喝斜,症状体征,是···的症状体征,,急性期
半身不遂,症状体征,是···的症状体征,,急性期
言语涩滞,症状体征,是···的症状体征,,急性期
偏身肢体麻木,症状体征,是···的症状体征,,急性期
唇缓流涎,症状体征,是···的症状体征,,急性期
呵欠不止,症状体征,是···的症状体征,,急性期
多喜睡,症状体征,是···的症状体征,,急性期
急性期,疾病分期,现象表达,初始症状体征,口舌喝斜
急性期,疾病分期,现象表达,初始症状体征,半身不遂
急性期,疾病分期,现象表达,初始症状体征,言语涩滞
急性期,疾病分期,现象表达,初始症状体征,偏身肢体麻木
急性期,疾病分期,现象表达,初始症状体征,唇缓流涎
急性期,疾病分期,现象表达,初始症状体征,呵欠不止
急性期,疾病分期,现象表达,初始症状体征,多喜睡
神志不清,症状体征,可能见于,,急性期
烦躁不安,症状体征,可能见于,,急性期
风头旋,症状体征,可能见于,,急性期
高血压,西医诊断,可能见于,,急性期
脱证,证候,可能见于,,急性期
低血压,西医诊断,可能见于,,急性期
头痛,症状体征,可能见于,,急性期
呕血,症状体征,可能见于,,急性期
便血,症状体征,可能见于,,急性期
胸骨后疼痛,症状体征,可能见于,,急性期
急性心肌梗死,西医诊断,可能见于,,急性期
喉间痰鸣,症状体征,可能见于,,急性期
呃逆,症状体征,可能见于,,急性期
发热,症状体征,可能见于,,急性期
肺部感染,西医诊断,可能见于,,急性期
心衰,西医诊断,可能见于,,急性期
不省人事,症状体征,可能见于,,急性期
吞咽困难,症状体征,可能见于,,急性期
饮水即呛,症状体征,可能见于,,急性期
患肢肿胀,症状体征,可能见于,,急性期
急性期,疾病分期,兼见,,神志不清
急性期,疾病分期,兼见,,烦躁不安
急性期,疾病分期,兼见,,风头旋
急性期,疾病分期,兼见,,高血压
急性期,疾病分期,兼见,,脱证
急性期,疾病分期,兼见,,低血压
急性期,疾病分期,兼见,,头痛
急性期,疾病分期,兼见,,呕血
急性期,疾病分期,兼见,,便血
急性期,疾病分期,兼见,,胸骨后疼痛
急性期,疾病分期,兼见,,急性心肌梗死
急性期,疾病分期,兼见,,喉间痰鸣
急性期,疾病分期,兼见,,呃逆
急性期,疾病分期,兼见,,发热
急性期,疾病分期,兼见,,肺部感染
急性期,疾病分期,兼见,,心衰
急性期,疾病分期,兼见,,不省人事
急性期,疾病分期,兼见,,吞咽困难
急性期,疾病分期,兼见,,饮水即呛
急性期,疾病分期,兼见,,患肢肿胀
补肾培元,治则治法,适用于,依据：调气血之逆，“引经透络”,恢复期
填精益髓,治则治法,适用于,依据：调气血之逆，“引经透络”,恢复期
还精补脑,治则治法,适用于,依据：调气血之逆，“引经透络”,恢复期
益肝养血,治则治法,适用于,依据：调气血之逆，“引经透络”,恢复期
舒筋缓急,治则治法,适用于,依据：调气血之逆，“引经透络”,恢复期
补肾培元,治则治法,适用于,依据：调气血之逆，“引经透络”,后遗症期
填精益髓,治则治法,适用于,依据：调气血之逆，“引经透络”,后遗症期
还精补脑,治则治法,适用于,依据：调气血之逆，“引经透络”,后遗症期
益肝羊血,治则治法,适用于,依据：调气血之逆，“引经透络”,后遗症期
舒筋缓急,治则治法,适用于,依据：调气血之逆，“引经透络”,后遗症期
恢复期,疾病分期,采用,依据：调气血之逆，“引经透络”,补肾培元
恢复期,疾病分期,采用,依据：调气血之逆，“引经透络”,填精益髓
恢复期,疾病分期,采用,依据：调气血之逆，“引经透络”,还精补脑
恢复期,疾病分期,采用,依据：调气血之逆，“引经透络”,益肝养血
恢复期,疾病分期,采用,依据：调气血之逆，“引经透络”,舒筋缓急
后遗症期,疾病分期,采用,依据：调气血之逆，“引经透络”,补肾培元
后遗症期,疾病分期,采用,依据：调气血之逆，“引经透络”,填精益髓
后遗症期,疾病分期,采用,依据：调气血之逆，“引经透络”,还精补脑
后遗症期,疾病分期,采用,依据：调气血之逆，“引经透络”,益肝羊血
后遗症期,疾病分期,采用,依据：调气血之逆，“引经透络”,舒筋缓急
恢复期,疾病分期,采用,"成立条件：兼见虚气流滞
操作：补气活血",补气活血
恢复期,疾病分期,采用,"成立条件：兼见气实而滞
操作：理气活血",理气活血
恢复期,疾病分期,适用药,"成立条件：邪盛正衰
操作：先用（补阳还五汤加苏木、土鳖虫、稀莶草）
依据：除邪",（补阳还五汤加苏木、土鳖虫、稀莶草）
恢复期,疾病分期,适用药,"成立条件：邪去
操作：河间地黄饮子化裁
依据：扶正",河间地黄饮子化裁
后遗症期,疾病分期,适用药,依据：古人多用,八珍汤
后遗症期,疾病分期,适用药,依据：古人多用,十味温胆汤加减
后遗症期,疾病分期,适用药,依据：古人多用,龚赵氏常服调理方
龚赵氏常服调理方,方剂,由···组成,,大生地
龚赵氏常服调理方,方剂,由···组成,,北沙参
龚赵氏常服调理方,方剂,由···组成,,大白芍
龚赵氏常服调理方,方剂,由···组成,,大麦冬
龚赵氏常服调理方,方剂,由···组成,,法半夏
龚赵氏常服调理方,方剂,由···组成,,陈皮
龚赵氏常服调理方,方剂,由···组成,,茯苓
龚赵氏常服调理方,方剂,由···组成,,生甘草
龚赵氏常服调理方,方剂,由···组成,,枳壳
龚赵氏常服调理方,方剂,由···组成,,鲜竹茹
大生地,中药材,组成,,龚赵氏常服调理方
北沙参,中药材,组成,,龚赵氏常服调理方
大白芍,中药材,组成,,龚赵氏常服调理方
大麦冬,中药材,组成,,龚赵氏常服调理方
法半夏,中药材,组成,,龚赵氏常服调理方
陈皮,中药材,组成,,龚赵氏常服调理方
茯苓,中药材,组成,,龚赵氏常服调理方
生甘草,中药材,组成,,龚赵氏常服调理方
枳壳,中药材,组成,,龚赵氏常服调理方
鲜竹茹,中药材,组成,,龚赵氏常服调理方
后遗症期,疾病分期,适用药,,滋生青阳汤
滋生青阳汤,方剂,方药加,"成立条件：后遗症期，筋拘
操作：蒲黄、刘寄奴、五灵脂",蒲黄
滋生青阳汤,方剂,方药加,"成立条件：后遗症期，筋拘
操作：蒲黄、刘寄奴、五灵脂",刘寄奴
滋生青阳汤,方剂,方药加,"成立条件：后遗症期，筋拘
操作：蒲黄、刘寄奴、五灵脂",五灵脂
滋生青阳汤,方剂,方药加,"成立条件：后遗症期，解痉
操作：全蝎、络石藤、海风藤",全蝎
滋生青阳汤,方剂,方药加,"成立条件：后遗症期，解痉
操作：全蝎、络石藤、海风藤",络石藤
滋生青阳汤,方剂,方药加,"成立条件：后遗症期，解痉
操作：全蝎、络石藤、海风藤",海风藤
后遗症期,疾病分期,适用药,"成立条件：亏损
操作：滋营养液膏",滋营养液膏
后遗症期,疾病分期,适用药,"成立条件：心脾亏虚
操作：心脾双补丸",心脾双补丸
后遗症期,疾病分期,禁用,依据：避免耗气动血复中,大活络丹
后遗症期,疾病分期,禁用,依据：避免耗气动血复中,人参再造丸
后遗症期,疾病分期,禁用,依据：避免耗气动血复中,醒脑再造丸
后遗症期,疾病分期,采用,,蒸偏枯法
后遗症期,疾病分期,采用,,风瘫贴法
后遗症期,疾病分期,采用,,夜合醒酒方
蒸偏枯法,外治法,适用于,,后遗症期
风瘫贴法,外治法,适用于,,后遗症期
夜合醒酒方,外治法,适用于,,后遗症期
蒸偏枯法,外治法,操作,,檀香50克煎水熏患处，均炒药材，预备纱布制袋数个，装药，蒸于檀香水上，取揉，日3次
风瘫贴法,外治法,操作,,贴敷患处
夜合醒酒方,外治法,操作,,5000毫升水浸五枝同煎，取2500毫升，去淬，浸米豆两昼夜，蒸熟，与麦面、羌活、防风拌和，造酒外擦
檀香,中药材,组成,用量：50g,蒸偏枯法
当归,中药材,组成,用量：300g,蒸偏枯法
丹参,中药材,组成,用量：100g,蒸偏枯法
橘枝,中药材,组成,用量：100g,蒸偏枯法
牛膝,中药材,组成,用量：100g,蒸偏枯法
蒸偏枯法,外治法,由···组成,,檀香
蒸偏枯法,外治法,由···组成,,当归
蒸偏枯法,外治法,由···组成,,丹参
蒸偏枯法,外治法,由···组成,,橘枝
蒸偏枯法,外治法,由···组成,,牛膝
后遗症期,疾病分期,采用,,肢体功能锻炼
后遗症期,疾病分期,采用,,手疗
后遗症期,疾病分期,采用,,足疗
后遗症期,疾病分期,采用,,节情志
后遗症期,疾病分期,采用,,慎饮食
后遗症期,疾病分期,采用,,远房惟
后遗症期,疾病分期,采用,,导引按摩
后遗症期,疾病分期,采用,,八段锦
后遗症期,疾病分期,采用,,音乐
后遗症期,疾病分期,采用,,电疗
后遗症期,疾病分期,采用,,泥疗
后遗症期,疾病分期,采用,,腊疗
肢体功能锻炼,综合疗法,适用于,,后遗症期
手疗,综合疗法,适用于,,后遗症期
足疗,综合疗法,适用于,,后遗症期
节情志,综合疗法,适用于,,后遗症期
慎饮食,综合疗法,适用于,,后遗症期
远房惟,综合疗法,适用于,,后遗症期
导引按摩,综合疗法,适用于,,后遗症期
八段锦,综合疗法,适用于,,后遗症期
音乐,综合疗法,适用于,,后遗症期
电疗,综合疗法,适用于,,后遗症期
泥疗,综合疗法,适用于,,后遗症期
腊疗,综合疗法,适用于,,后遗症期
瘀血病生于脑髓，血脉痹塞，经络空虚，或某些细络阻厥,病因病机,引起,,缺血性中风
缺血性中风,疾病,由···引起,,瘀血病生于脑髓，血脉痹塞，经络空虚，或某些细络阻厥
脑髓失养，血脉受损，病变多刚少柔，脉膜脆而不坚，经气内收，气血邪气暴张，络伤脉裂，血渗溢脑髓,病因病机,引起,,出血性中风
出血性中风,疾病,由···引起,,脑髓失养，血脉受损，病变多刚少柔，脉膜脆而不坚，经气内收，气血邪气暴张，络伤脉裂，血渗溢脑髓
气血虽然逆乱于上，下则脏腑气化不平，但真气未动，营经之血未凝，守脏之血尚能畅达，营气亦能内守，卫气仍能卫外，气能生精，精化气，气化神，形与神具，故脑髓病微，血脉损而小，经络伤而轻，则气血逆乱，脑髓络脉能通,病因病机,引起,,小中风
小中风,疾病,由···引起,,气血虽然逆乱于上，下则脏腑气化不平，但真气未动，营经之血未凝，守脏之血尚能畅达，营气亦能内守，卫气仍能卫外，气能生精，精化气，气化神，形与神具，故脑髓病微，血脉损而小，经络伤而轻，则气血逆乱，脑髓络脉能通
颠倒散,方剂,适应症,,复中风
复中风,疾病,适用药,,颠倒散
颠倒散,方剂,预防,,复中风
共为细末，装2号胶囊，每服2粒，每日2 次,用法用量,是···的用法用量,,颠倒散
出血性中风,疾病,适用药,"成立条件：风火痰瘀腑实证
操作：三化汤加味",三化汤加味
三化汤加味,方剂,方药加,"成立条件：出血性中风，风火痰瘀腑实证，颅内死血，干涸
操作：丹参、水蛭、京三棱、卫矛
依据：丹参苦微寒，养血活血祛宿血生新血",丹参
三化汤加味,方剂,方药加,"成立条件：出血性中风，风火痰瘀腑实证，颅内死血，干涸
操作：丹参、水蛭、京三棱、卫矛
依据：水蛭咸、苦、平逐恶血瘀血，破血瘀积聚，利水道",水蛭
三化汤加味,方剂,方药加,"成立条件：出血性中风，风火痰瘀腑实证，颅内死血，干涸
操作：丹参、水蛭、京三棱、卫矛
依据：京三棱辛、苦、性平破血行气消积",京三棱
三化汤加味,方剂,方药加,"成立条件：出血性中风，风火痰瘀腑实证，颅内死血，干涸
操作：丹参、水蛭、京三棱、卫矛
依据：箭羽苦寒，破血消风毒之肿",卫矛
出血性中风,疾病,适用药,"成立条件：出血性中风，颅脑小量出血或于内囊，或于桥小脑角，或颅底蛛网膜下腔出血量不足10 mL
操作：抵挡汤加味",抵挡汤加味
抵挡汤加味,方剂,方药加,"成立条件：出血性中风，颅脑小量出血或于内囊，或于桥小脑角，或颅底蛛网膜下腔出血量不足11 mL
操作：京三棱15g",京三棱
抵挡汤加味,方剂,方药加,"成立条件：出血性中风，颅脑小量出血或于内囊，或于桥小脑角，或颅底蛛网膜下腔出血量不足12 mL
操作：莪术10g",莪术
抵挡汤加味,方剂,用法用量是,,水煎服，每日1剂，10天 为1个疗程
出血性中风,疾病,适用药,,汤剂（大米30g、生晒参5g、西洋参5g）
汤剂（大米30g、生晒参5g、西洋参5g）,方剂,用法用量是,, 煮熟取米汤频服
络塞血瘀证,证候,包含,,瘀塞经络证
络塞血瘀证,证候,包含,,风痰热盛证
肝肾亏虚，肝阳不安于下，浮动于上，阳动生风化火上犯于脑或气机不畅，气郁化火生风引动肝阳上犯于脑,病因病机,引起,,风痰热盛证
风痰热盛证,证候,由···引起,,多是由于肝肾亏虚，肝阳不安于下，浮动于上，阳动生风化火上犯于脑或气机不畅，气郁化火生风引动肝阳上犯于脑所致
瘀塞经络证,证候,适用药,依据：任老善用,天麻酒
瘀塞经络证,证候,适用药,依据：任老善用,四物汤
瘀塞经络证,证候,适用药,依据：任老善用,补阳还五汤
瘀塞经络证,证候,适用药,依据：任老善用,铁弹丸
瘀塞经络证,证候,适用药,依据：任老善用,自拟活络化瘀散
瘀塞经络证,证候,适用药,依据：任老善用,醒脑通脉散
风痰热盛证,证候,采用,依据：“大气一转，邪气乃散”,理气化痰
风痰热盛证,证候,采用,依据：“大气一转，邪气乃散”,滋阴潜阳
风痰热盛证,证候,适用药,依据：理气、治痰先治气,匀气散
风痰热盛证,证候,适用药,依据：理气、治痰先治气,八味顺气散
风痰热盛证,证候,适用药,依据：理气、治痰先治气,自拟理气反正汤
风痰热盛证,证候,适用药,依据：化痰，以防痰塞气道，防治肺内感染,竹沥汤
风痰热盛证,证候,适用药,依据：化痰，以防痰塞气道，防治肺内感染,导痰汤
风痰热盛证,证候,适用药,依据：化痰，以防痰塞气道，防治肺内感染,导痰开关散
风痰热盛证,证候,适用药,依据：化痰，以防痰塞气道，防治肺内感染,自拟涤痰散
风痰热盛证,证候,适用药,"成立条件：出血性中风，肝阳证
操作：选用柳宝诒医案方",柳宝诒医案方
风痰热盛证,证候,适用药,"成立条件：出血性中风，肝阳证
操作：选用王旭高医案方",王旭高医案方
风痰热盛证,证候,适用药,"成立条件：出血性中风，肝阳证
操作：选用五石汤",五石汤
络损血溢证,证候,,,
开闭固脱法,治则治法,包含,,开闭法
开闭固脱法,治则治法,包含,,固脱法
开闭法,治则治法,,,
固脱法,治则治法,,,
闭证,证候,采用,,开闭法
开闭法,治则治法,适用于,,闭证
脱证,证候,采用,,固脱法
固脱法,治则治法,适用于,,脱证
开闭法,治则治法,使用,依据：开窍启关，兴奋神机,开关散
开闭法,治则治法,使用,依据：开窍启关，兴奋神机,三宝汤
开闭法,治则治法,使用,依据：开窍启关，兴奋神机,三化汤
开关散,方剂,被···使用,,开闭法
三宝汤,方剂,被···使用,,开闭法
三化汤,方剂,被···使用,,开闭法
开闭法,治则治法,使用,,白矾散
白矾散,方剂,被···使用,,开闭法
闭证,证候,适用药,,开关散
闭证,证候,适用药,,三宝汤
闭证,证候,适用药,,三化汤
闭证,证候,适用药,"操作：先用白矾散
依据：吐出痰毒，利于进药",白矾散
白矾散,方剂,用法用量是,,煎液频频灌之
开关散,方剂,适应症,,闭证
三宝汤,方剂,适应症,,闭证
三化汤,方剂,适应症,,闭证
白矾散,方剂,适应症,,闭证
脱证,证候,采用,,固脱法
固脱法,治则治法,适用于,,脱证
固脱法,治则治法,使用,,两救固脱饮(自拟)
两救固脱饮(自拟),方剂,被···使用,,固脱法
脱证,证候,适用药,依据：摄纳真阴，固护元气,两救固脱饮(自拟)
两救固脱饮(自拟),方剂,适应症,,脱证
两救固脱饮(自拟),方剂,用法用量是,,温开顿服
固脱法,治则治法,使用,,参附液
固脱法,治则治法,使用,,参麦液
脱证,证候,适用药,"成立条件：眼合、手撒、遗尿
操作：参附液、参麦液
依据：敛阳固脱",参附液
脱证,证候,适用药,"成立条件：眼合、手撒、遗尿
操作：参附液、参麦液
依据：敛阳固脱",参麦液
参附液,中成药,适应症,,脱证
参麦液,中成药,适应症,,脱证
开窍启关,功效,是···的功效,,开关散
兴奋神机,功效,是···的功效,,开关散
开窍启关,功效,是···的功效,,三宝汤
兴奋神机,功效,是···的功效,,三宝汤
开窍启关,功效,是···的功效,,三化汤
兴奋神机,功效,是···的功效,,三化汤
开关散,方剂,有···功效,,开窍启关
开关散,方剂,有···功效,,兴奋神机
三宝汤,方剂,有···功效,,开窍启关
三宝汤,方剂,有···功效,,兴奋神机
三化汤,方剂,有···功效,,开窍启关
三化汤,方剂,有···功效,,兴奋神机
摄纳真阴,功效,是···功效,,两救固脱饮(自拟)
固护元气,功效,是···功效,,两救固脱饮(自拟)
两救固脱饮(自拟),方剂,有···功效,,摄纳真阴
两救固脱饮(自拟),方剂,有···功效,,固护元气
敛阳固脱,功效,是···的功效,,参附液
敛阳固脱,功效,是···的功效,,参麦液
参附液,中成药,功效是,,敛阳固脱
参麦液,中成药,功效是,,敛阳固脱
理气豁痰法,治则治法,适用于,,痰饮
痰饮,证候,采用,,理气豁痰法
理气反正散(自拟),方剂,被···使用,,理气豁痰法
涤痰散,方剂,被···使用,,理气豁痰法
豁痰丸(自拟),方剂,被···使用,,理气豁痰法
理气豁痰法,治则治法,使用,,理气反正散(自拟)
理气豁痰法,治则治法,使用,,涤痰散
理气豁痰法,治则治法,使用,,豁痰丸(自拟)
痰饮,证候,适用药,,理气反正散(自拟)
痰饮,证候,适用药,,涤痰散
痰饮,证候,适用药,,豁痰丸(自拟)
理气反正散(自拟),方剂,适应症,,痰饮
涤痰散,方剂,适应症,,痰饮
豁痰丸(自拟),方剂,适应症,,痰饮
理气,功效,是···的功效,,理气反正散(自拟)
理气反正散(自拟),方剂,功效是,,理气反正散(自拟)
理气豁痰法,治则治法,适用于,,急性期
理气豁痰法,治则治法,适用于,,恢复期
理气豁痰法,治则治法,适用于,,后遗症期
急性期,疾病分期,采用,,理气豁痰法
恢复期,疾病分期,采用,,理气豁痰法
后遗症期,疾病分期,采用,,理气豁痰法
共为细末，每服1.5g每天2次，生姜汁送下,用法用量,是···的用法用量,,涤痰散
涤痰散,方剂,用法用量是,,共为细末，每服1.5g每天2次，生姜汁送下
豁痰,功效,是···的功效,,涤痰散
涤痰散,方剂,功效是,,豁痰
共为细面，炼蜜为丸，重1.5g，白开水送下,用法用量,是···的用法用量,,豁痰丸(自拟)
豁痰丸(自拟),方剂,用法用量是,,共为细面，炼蜜为丸，重1.5g，白开水送下
潜阳熄风法,治则治法,适用于,,风阳上冒证
风阳上冒证,证候,采用,,潜阳熄风法
潜阳熄风法,治则治法,使用,,潜阳熄风煎(自拟)
潜阳熄风煎(自拟),方剂,被···使用,,潜阳熄风法
风阳上冒证,证候,适用药,,潜阳熄风煎(自拟)
潜阳熄风煎(自拟),方剂,适应症,,风阳上冒证
潜阳熄风法,治则治法,使用,,吴瑭医案方
潜阳熄风法,治则治法,使用,,王旭高医案方
吴瑭医案方,方剂,被···使用,,潜阳熄风法
王旭高医案方,方剂,被···使用,,潜阳熄风法
风阳上冒证,证候,适用药,"成立条件：阳偏亢
操作：吴瑭医案方",吴瑭医案方
吴瑭医案方,方剂,适应症,,风阳上冒证
风阳上冒证,证候,适用药,"成立条件：风偏盛
操作：王旭高医案方",王旭高医案方
王旭高医案方,方剂,适应症,,风阳上冒证
水煎服,用法用量,是···的用法用量,,潜阳熄风煎(自拟)
潜阳熄风煎(自拟),方剂,用法用量是,,水煎服
煎汤送服,用法用量,是···的用法用量,,吴瑭医案方
吴瑭医案方,方剂,用法用量是,,煎汤送服
煎汤送服,用法用量,是···的用法用量,,王旭高医案方
王旭高医案方,方剂,用法用量是,,煎汤送服
素体肥胖,体质,易感因素,依据：肥则腠理致密，脂膏堆积于内，附于脉络，气血不通，积损为患,嗜食肥甘
嗜食肥甘,病因病机,,,
后遗症期,疾病分期,采用,,化痰降浊法
化痰降浊法,治则治法,适用于,,后遗症期
后遗症期,疾病分期,适用药,"成立条件：嗜食肥甘，素体肥胖
操作：活络化浊散(自拟)
依据：化瘀降浊",活络化浊散(自拟)
后遗症期,疾病分期,适用药,"成立条件：嗜食肥甘，素体肥胖
操作：选用醒脑通脉散",醒脑通脉散
后遗症期,疾病分期,适用药,"成立条件：嗜食肥甘，素体肥胖
操作：选用莒蒲郁金汤
依据：化痰开窍",莒蒲郁金汤
后遗症期,疾病分期,方药加,"成立条件：嗜食肥甘，素体肥胖，高血脂症
操作：桑寄生、茺蔚子、黄精、灵芝、生山楂
依据：降脂化瘀",桑寄生
后遗症期,疾病分期,方药加,"成立条件：嗜食肥甘，素体肥胖，高血脂症
操作：桑寄生、茺蔚子、黄精、灵芝、生山楂
依据：降脂化瘀",茺蔚子
后遗症期,疾病分期,方药加,"成立条件：嗜食肥甘，素体肥胖，高血脂症
操作：桑寄生、茺蔚子、黄精、灵芝、生山楂
依据：降脂化瘀",黄精
后遗症期,疾病分期,方药加,"成立条件：嗜食肥甘，素体肥胖，高血脂症
操作：桑寄生、茺蔚子、黄精、灵芝、生山楂
依据：降脂化瘀",灵芝
后遗症期,疾病分期,方药加,"成立条件：嗜食肥甘，素体肥胖，高血脂症
操作：桑寄生、茺蔚子、黄精、灵芝、生山楂
依据：降脂化瘀",生山楂
后遗症期,疾病分期,方药加,"成立条件：嗜食肥甘，素体肥胖，肥胖
操作：加滑石、泽泻、木通、茯苓皮
依据：利水除湿",滑石
后遗症期,疾病分期,方药加,"成立条件：嗜食肥甘，素体肥胖，肥胖
操作：加滑石、泽泻、木通、茯苓皮
依据：利水除湿",泽泻
后遗症期,疾病分期,方药加,"成立条件：嗜食肥甘，素体肥胖，肥胖
操作：加滑石、泽泻、木通、茯苓皮
依据：利水除湿",木通
后遗症期,疾病分期,方药加,"成立条件：嗜食肥甘，素体肥胖，肥胖
操作：加滑石、泽泻、木通、茯苓皮
依据：利水除湿",茯苓皮
化痰降浊法,治则治法,使用,,活络化浊散(自拟)
活络化浊散(自拟),方剂,被···使用,,化痰降浊法
化痰降浊法,治则治法,使用,,醒脑通脉散
化痰降浊法,治则治法,使用,,莒蒲郁金汤
化痰降浊法,治则治法,使用,,桑寄生
化痰降浊法,治则治法,使用,,茺蔚子
化痰降浊法,治则治法,使用,,黄精
化痰降浊法,治则治法,使用,,灵芝
化痰降浊法,治则治法,使用,,生山楂
化痰降浊法,治则治法,使用,,滑石
化痰降浊法,治则治法,使用,,泽泻
化痰降浊法,治则治法,使用,,木通
化痰降浊法,治则治法,使用,,茯苓皮
醒脑通脉散,方剂,被···使用,,化痰降浊法
莒蒲郁金汤,方剂,被···使用,,化痰降浊法
桑寄生,中药材,被···使用,,化痰降浊法
茺蔚子,中药材,被···使用,,化痰降浊法
黄精,中药材,被···使用,,化痰降浊法
灵芝,中药材,被···使用,,化痰降浊法
生山楂,中药材,被···使用,,化痰降浊法
滑石,中药材,被···使用,,化痰降浊法
泽泻,中药材,被···使用,,化痰降浊法
木通,中药材,被···使用,,化痰降浊法
茯苓皮,中药材,被···使用,,化痰降浊法
煎汤口服，西红花另吞，三七粉分3次冲服,用法用量,是···的用法用量,,活络化浊散(自拟)
活络化浊散(自拟),方剂,用法用量是,,煎汤口服，西红花另吞，三七粉分3次冲服
化瘀降浊,功效,是···的功效,,活络化浊散(自拟)
活络化浊散(自拟),方剂,功效是,,化瘀降浊
化痰开窍,功效,是···的功效,,莒蒲郁金汤
莒蒲郁金汤,方剂,功效是,,化痰开窍
嗜食肥甘,病因病机,引起,,肢瘫言謇
嗜食肥甘,病因病机,引起,,头量肢麻
嗜食肥甘,病因病机,引起,,口舌歪斜
嗜食肥甘,病因病机,引起,,痰多呕恶
嗜食肥甘,病因病机,引起,,舌红苔白
嗜食肥甘,病因病机,引起,,脉弦滑
肢瘫言謇,症状体征,由···引起,,嗜食肥甘
头量肢麻,症状体征,由···引起,,嗜食肥甘
口舌歪斜,症状体征,由···引起,,嗜食肥甘
痰多呕恶,症状体征,由···引起,,嗜食肥甘
舌红苔白,症状体征,由···引起,,嗜食肥甘
脉弦滑,症状体征,由···引起,,嗜食肥甘
嗜食肥甘,病因病机,关联,,后遗症期
素体肥胖,体质,关联,,后遗症期
络损血溢证,证候,采用,,破瘀醒神法
破瘀醒神法,治则治法,适用于,,络损血溢证
络损血溢证,证候,适用药,,破瘀醒神汤(自拟)
破瘀醒神汤(自拟),方剂,适应症,,络损血溢证
破瘀醒神法,治则治法,使用,,破瘀醒神汤(自拟)
破瘀醒神汤(自拟),方剂,被···使用,,破瘀醒神法
水煎服（不能口服者采用低位灌肠）,用法用量, 是···的用法用量,,破瘀醒神汤(自拟)
破瘀醒神汤(自拟),方剂,用法用量是,,水煎服（不能口服者采用低位灌肠）
络损血溢证,证候,适用药,用药原则：辨证使用,三宝汤
络损血溢证,证候,适用药,用药原则：辨证使用,苏合香丸
络损血溢证,证候,适用药,用药原则：辨证使用,清开灵
三宝汤,方剂,适应症,,络损血溢证
苏合香丸,方剂,适应症,,络损血溢证
清开灵,方剂,适应症,,络损血溢证
破瘀醒神法,治则治法,使用,,三宝汤
破瘀醒神法,治则治法,使用,,苏合香丸
破瘀醒神法,治则治法,使用,,清开灵
三宝汤,方剂,被···使用,,破瘀醒神法
苏合香丸,方剂,被···使用,,破瘀醒神法
清开灵,方剂,被···使用,,破瘀醒神法
恢复期,疾病分期,采用,,补肾填精法
补肾填精法,治则治法,适用于,,恢复期
后遗症期,疾病分期,采用,,补肾填精法
补肾填精法,治则治法,适用于,,后遗症期
补肾填精法,治则治法,使用,,集灵膏
集灵膏,中成药,被···使用,,补肾填精法
补肾填精法,治则治法,使用,,填精两仪粉
填精两仪粉,中成药,被···使用,,补肾填精法
补肾填精法,治则治法,使用,,益脑丸
益脑丸,中成药,被···使用,,补肾填精法
益脑丸,中成药,用法用量是,,共为细面，蜜大丸，每服1丸，日服3次，白开水送下
共为细面，蜜大丸，每服1丸，日服3次，白开水送下,用法用量是,是···的用法用量,,益脑丸
后遗症,证候,现象表达,,手足偏枯
后遗症,证候,现象表达,,唇缓流涎
后遗症,证候,现象表达,,半身不遂
后遗症,证候,现象表达,,口舌㖞斜
后遗症,证候,现象表达,,舌謇语涩
后遗症期,疾病分期,采用,,益气活血法
益气活血法,治则治法,适用于,,后遗症期
死血顽痰阻痹经脉，胶固不解,病因病机,引起,,后遗症期
后遗症期,疾病分期,由···引起,,死血顽痰阻痹经脉，胶固不解
后遗症期,疾病分期,适用药,,（补阳还五汤加乌梢蛇、僵蚕、全蝎、水蛭）
（补阳还五汤加乌梢蛇、僵蚕、全蝎、水蛭）,方剂,适应症,,后遗症期
后遗症期,疾病分期,方药加,"成立条件：肢体拘急变形、肌肉萎缩
操作：地黄、石斛、枸杞子、鸡血藤
依据：养血补肾",地黄
后遗症期,疾病分期,方药加,"成立条件：肢体拘急变形、肌肉萎缩
操作：地黄、石斛、枸杞子、鸡血藤
依据：养血补肾",石斛
后遗症期,疾病分期,方药加,"成立条件：肢体拘急变形、肌肉萎缩
操作：地黄、石斛、枸杞子、鸡血藤
依据：养血补肾",枸杞子
后遗症期,疾病分期,方药加,"成立条件：肢体拘急变形、肌肉萎缩
操作：地黄、石斛、枸杞子、鸡血藤
依据：养血补肾",鸡血藤
后遗症期,疾病分期,方药加,"成立条件：高血压
操作：玄参、天花粉
依据：佐黄芪防温燥",玄参
后遗症期,疾病分期,方药加,"成立条件：高血压
操作：玄参、天花粉
依据：佐黄芪防温燥",天花粉
后遗症期,疾病分期,方药加,"成立条件：素有高血压
操作：代赭石、磁石
依据：防升",代赭石
后遗症期,疾病分期,方药加,"成立条件：素有高血压
操作：代赭石、磁石
依据：防升",磁石
益气活血法,治则治法,使用,,地黄
益气活血法,治则治法,使用,,石斛
益气活血法,治则治法,使用,,枸杞子
益气活血法,治则治法,使用,,鸡血藤
地黄,中药材,被···使用,,益气活血法
石斛,中药材,被···使用,,益气活血法
枸杞子,中药材,被···使用,,益气活血法
鸡血藤,中药材,被···使用,,益气活血法
后遗症期,疾病分期,采用,,体操
后遗症期,疾病分期,采用,,气功
后遗症期,疾病分期,采用,,针灸
体操,综合疗法,适用于,,后遗症期
气功,综合疗法,适用于,,后遗症期
针灸,综合疗法,适用于,,后遗症期
益气活血法,治则治法,使用,,（补阳还五汤加乌梢蛇、僵蚕、全蝎、水蛭）
（补阳还五汤加乌梢蛇、僵蚕、全蝎、水蛭）,方剂,被···使用,,益气活血法
搜风别邪,功效,是···的功效,,（补阳还五汤加乌梢蛇、僵蚕、全蝎、水蛭）
逐瘀祛痰,功效,是···的功效,,（补阳还五汤加乌梢蛇、僵蚕、全蝎、水蛭）
（补阳还五汤加乌梢蛇、僵蚕、全蝎、水蛭）,方剂,功效是,,搜风别邪
（补阳还五汤加乌梢蛇、僵蚕、全蝎、水蛭）,方剂,功效是,,逐瘀祛痰
闭证,证候,包括,,阳闭证
闭证,证候,包括,,阴闭证
通腑泄热法,治则治法,适用于,,阳闭证
阳闭证,证候,采用,,通腑泄热法
中焦痰热蕴结，消灼津液所致,病因病机,引起,,阳闭证
阳闭证,证候,由···引起,,中焦痰热蕴结，消灼津液所致
腑气不通，浊邪上扰心神,病因病机,引起,,意识障碍
意识障碍,症状体征,由···引起,,腑气不通，浊邪上扰心神
阳闭证,证候,方药加,"成立条件：脉滑实有力、腹压增高、苔黄糙腻，大便不通，浊热内蕴
操作：大黄、枳实、玄明粉、全瓜蒌
依据：泄浊热",大黄
阳闭证,证候,方药加,"成立条件：脉滑实有力、腹压增高、苔黄糙腻，大便不通，浊热内蕴
操作：大黄、枳实、玄明粉、全瓜蒌
依据：泄浊热",枳实
阳闭证,证候,方药加,"成立条件：脉滑实有力、腹压增高、苔黄糙腻，大便不通，浊热内蕴
操作：大黄、枳实、玄明粉、全瓜蒌
依据：泄浊热",玄明粉
阳闭证,证候,方药加,"成立条件：脉滑实有力、腹压增高、苔黄糙腻，大便不通，浊热内蕴
操作：大黄、枳实、玄明粉、全瓜蒌
依据：泄浊热",全瓜蒌
阳闭证,证候,适用药,"成立条件：脉弦滑动数，舌苔垢腻，神志昏昧
操作：汤剂（川贝母、郁金、胆南星、石菖蒲、天竺黄、黄连）
依据：开泄痰热而启闭塞",汤剂（川贝母、郁金、胆南星、石菖蒲、天竺黄、黄连）
阳闭证,证候,适用药,"成立条件：脉弦滑动数，舌苔垢腻，神志昏昧
操作：汤剂（川贝母、郁金、胆南星、石菖蒲、天竺黄、黄连）
依据：开泄痰热而启闭塞",礞石滚痰丸
阳闭证,证候,适用药,"成立条件：脉弦滑动数，舌苔垢腻，神志昏昧
操作：汤剂（川贝母、郁金、胆南星、石菖蒲、天竺黄、黄连）
依据：开泄痰热而启闭塞",至宝丹
通腑泄热法,治则治法,使用,,大黄
通腑泄热法,治则治法,使用,,枳实
通腑泄热法,治则治法,使用,,玄明粉
通腑泄热法,治则治法,使用,,全瓜蒌
通腑泄热法,治则治法,使用,,汤剂（川贝母、郁金、胆南星、石菖蒲、天竺黄、黄连）
通腑泄热法,治则治法,使用,,礞石滚痰丸
通腑泄热法,治则治法,使用,,至宝丹
大黄,中药材,被···使用,,通腑泄热法
枳实,中药材,被···使用,,通腑泄热法
玄明粉,中药材,被···使用,,通腑泄热法
全瓜蒌,中药材,被···使用,,通腑泄热法
汤剂（川贝母、郁金、胆南星、石菖蒲、天竺黄、黄连）,方剂,被···使用,,通腑泄热法
礞石滚痰丸,方剂,被···使用,,通腑泄热法
至宝丹,方剂,被···使用,,通腑泄热法
出血性中风,疾病,适用药,先用,清开灵注射液
出血性中风,疾病,适用药,"成立条件：外闭内脱证
操作：安宫牛黄丸",安宫牛黄丸
出血性中风,疾病,适用药,"成立条件：外闭内脱证
操作：汤剂（羚羊角、酒军、厚朴、积实、炒水蛭、虹虫、白薇、羌活、蒲黄水）",汤剂（羚羊角、酒军、厚朴、积实、炒水蛭、虻虫、白薇、羌活、蒲黄水）
汤剂（羚羊角、酒军、厚朴、积实、炒水蛭、虻虫、白薇、羌活、蒲黄水）,方剂,用法用量是,,水煎服，送服1粒安宫牛黄丸，汤丸2-3小时给药1次
汤剂（羚羊角、酒军、厚朴、积实、炒水蛭、虻虫、白薇、羌活、蒲黄水）,方剂,用法用量是,"成立条件：外闭内脱证
操作：鼻饲、肛门高位灌肠",鼻饲
汤剂（羚羊角、酒军、厚朴、积实、炒水蛭、虻虫、白薇、羌活、蒲黄水）,方剂,用法用量是,"成立条件：外闭内脱证
操作：鼻饲、肛门高位灌肠",肛门高位灌肠
汤剂（羚羊角、酒军、厚朴、积实、炒水蛭、虻虫、白薇、羌活、蒲黄水）,方剂,用药原则,,大便得通，则停服
出血性中风,疾病,适用药,"成立条件：口眼嘱斜，半身不遂，神志昏迷，二便失禁，口干鼾睡，身热，颜面红赤，舌红干，苔黄厚有裂，脉沉弦而数
操作：汤药（羚羊角、、郁金、白薇、石蒲、炒水蛭、虹虫、蒲黄、黄连、生地、川芎、稀莶草）",汤药（羚羊角、郁金、白薇、石菖蒲、炒水蛭、虻虫、蒲黄、黄连、生地、川芎、稀莶草）
汤药（羚羊角、郁金、白薇、石菖蒲、炒水蛭、虻虫、蒲黄、黄连、生地、川芎、稀莶草）,方剂,用法用量是,,水煎服，送服1粒安宫牛黄丸，汤丸2-3小时给药1次
出血性中风,疾病分类,适用药,"成立条件：神志清醒
操作：汤剂（稀莶草、白薇、地龙、炒水蛭、虻虫、生蒲黄、川芎、石菖蒲、生槐花、赤芍、郁金、生地）",汤剂（稀莶草、白薇、地龙、炒水蛭、虻虫、生蒲黄、川芎、石菖蒲、生槐花、赤芍、郁金、生地）
汤剂（稀莶草、白薇、地龙、炒水蛭、虻虫、生蒲黄、川芎、石菖蒲、生槐花、赤芍、郁金、生地）,方剂,用法用量是,,水煎服，送服1粒安宫牛黄丸3天，46小时1次
出血性中风,疾病,适用药,"成立条件：口眼喝斜，半身不遂好转
操作：汤剂（黄芪、地龙、当归尾、炒水蛭、虻虫、川芎、生蒲黄、稀莶草、巴戟肉、牛膝、白薇、秦艽）",汤剂（黄芪、地龙、当归尾、炒水蛭、虻虫、川芎、生蒲黄、稀莶草、巴戟肉、牛膝、白薇、秦艽）
出血性中风,疾病,适用药,"成立条件：口眼喝斜，半身不遂好转
操作：益脑复健丸",益脑复健丸
汤剂（黄芪、地龙、当归尾、炒水蛭、虻虫、川芎、生蒲黄、稀莶草、巴戟肉、牛膝、白薇、秦艽）,方剂,用法用量是,,水煎服，送服益脑复健丸8粒，1天3次
出血性中风,疾病,禁用,,大活络丹
出血性中风,疾病,禁用,,人参再造丸
出血性中风,疾病,禁用,,回天再造丸
出血性中风,疾病,禁用,,醒脑再造丸
中风,疾病,适用药,"成立条件：发病2个月以上，半身不遂、口眼喝斜明显好转，患侧乏力，颜面红黄，舌红苔黄白相兼，脉多沉弦
操作：汤剂（山茱萸、熟地、淫羊藿、地龙、龟胶、稀莶草、川芎、炒水蛭、红花、砂仁、黄芪）
依据：补肾健脑，通经活络",汤剂（山茱萸、熟地、淫羊藿、地龙、龟胶、稀莶草、川芎、炒水蛭、红花、砂仁、黄芪）
中风,疾病,适用药,"成立条件：发病2个月以上，半身不遂、口眼喝斜明显好转，患侧乏力，颜面红黄，舌红苔黄白相兼，脉多沉弦
操作：益脑复健丸
依据：补肾健脑，通经活络",益脑复健丸
中风,疾病,适用药,"成立条件：发病2个月以上，半身不遂、口眼喝斜明显好转，患侧乏力，颜面红黄，舌红苔黄白相兼，脉多沉弦
操作：延龄长春丹
依据：补肾健脑，通经活络",延龄长春丹
汤剂（山茱萸、熟地、淫羊藿、地龙、龟胶、稀莶草、川芎、炒水蛭、红花、砂仁、黄芪）,方剂,用法用量是,,水煎服，送服益脑复健丸，延龄长春丹，调理6个月
任继学：经验方1,方剂,用法用量是,,每日1剂，水煎，分2次服
任继学：经验方2,方剂,用法用量是,,每日1剂，水煎，分2次服
破瘀醒神汤(自拟),方剂,用法用量是,,每日1剂，水煎，分2次服
理气反正散(自拟),方剂,用法用量是,,共为细末，每日1剂，温水送服
活络化浊散(自拟),方剂,用法用量是,,共为细末，每日1剂，温水送服
抵挡汤加味,方剂,用法用量是,,水煎服，每日1剂。
两救固脱饮(自拟),方剂,用法用量是,,每日1剂，水煎分服或鼻饲。
“至宝丹、苏合香丸、真紫雪散、醒脑健神丹加味”,方剂,用法用量是,,"用犀角尖加用羚羊角5g,玳瑁15g,煎水50ml磨汁化上药，高位保留灌肠法给药，每次5ml,1~2小时一次。"
任继学：经验方1,方剂,适应症,,中风
中风,疾病,适用药,,任继学：经验方1
任继学：经验方2,方剂,适应症,,中风
中风,疾病,适用药,,任继学：经验方2
破瘀醒神汤(自拟),方剂,适应症,,中风
中风,疾病,适用药,,破瘀醒神汤(自拟)
理气反正散(自拟),方剂,适应症,,中风
中风,疾病,适用药,,理气反正散(自拟)
活络化浊散(自拟),方剂,适应症,,中风
中风,疾病,适用药,,活络化浊散(自拟)
抵挡汤加味,方剂,适应症,,中风
中风,疾病,适用药,,抵挡汤加味
“至宝丹、苏合香丸、真紫雪散、醒脑健神丹加味”,方剂,适应症,,中风
中风,疾病,适用药,,“至宝丹、苏合香丸、真紫雪散、醒脑健神丹加味”
中风后吞咽障碍,症状体征,可能见于,,中风
中风,疾病,兼见,,中风后吞咽障碍
醒脑健神胶囊,中成药,适应症,,中风
中风,疾病,适用药,,醒脑健神胶囊
中风脑得平,中成药,适应症,,中风
中风,疾病,适用药,,中风脑得平
中风回语胶囊,中成药,适应症,,中风
中风,疾病,适用药,,中风回语胶囊
两救固脱饮(自拟),方剂,适应症,,中风
中风 ,疾病,适用药,,两救固脱饮(自拟)
水蛭,中药材,适应症,,中风
中风,疾病,适用药,,水蛭
大黄,中药材,适应症,,中风
中风,疾病,适用药,,大黄
抵挡汤,方剂,适应症,,中风
中风,疾病,适用药,,抵挡汤
中风十法,治则治法,包含,,开闭法 
中风十法,治则治法,包含,,固脱法
中风十法,治则治法,包含,,潜阳法
中风十法,治则治法,包含,,化瘀法
中风十法,治则治法,包含,,豁痰法
中风十法,治则治法,包含,,理气法
中风十法,治则治法,包含,,填精法
中风十法,治则治法,包含,,止血法
中风十法,治则治法,包含,,渗利法
中风十法,治则治法,包含,,温阳法
两救固脱饮(自拟),方剂,被···使用,,固脱法
固脱法,治则治法,使用,,两救固脱饮(自拟)
潜阳熄风汤,方剂,被···使用,,潜阳法
潜阳法,治则治法,使用,,潜阳熄风汤
益脑丸,中成药,被···使用,,填精法
填精法,治则治法,使用,,益脑丸
中风八法,治则治法,包含,,开闭固脱法
中风八法,治则治法,包含,,化瘀降浊法
中风八法,治则治法,包含,,潜阳息风法
中风八法,治则治法,包含,,理气豁痰法
中风八法,治则治法,包含,,补肾填精法
中风八法,治则治法,包含,,破瘀醒神法
中风八法,治则治法,包含,,益气活血法
中风八法,治则治法,包含,,通腑泄热法
破血祛瘀,治则治法,适用于,,出血性中风
出血性中风,疾病,采用,,破血祛瘀
寒,病因,引起,,缺血性中风
瘀,病因,引起,,缺血性中风
痰,病因,引起,,缺血性中风
寒,病因,引起,,复中风
瘀,病因,引起,,复中风
痰,病因,引起,,复中风
缺血性中风,疾病,采用,"成立条件：急性期，寒凝
操作：温阳散寒为主",温阳散寒
缺血性中风,疾病,采用,"成立条件：急性期，寒凝
操作：佐行气活血",行气活血
缺血性中风,疾病,采用,"成立条件：急性期，痰浊
操作：化痰去湿为主",化痰去湿
缺血性中风,疾病,采用,"成立条件：急性期，痰浊
操作：佐温阳活血",温阳活血
缺血性中风,疾病,采用,"成立条件：急性期，血瘀
操作：活血通络为主",活血通络
缺血性中风,疾病,采用,"成立条件：急性期，血瘀
操作：佐温阳化痰",温阳化痰
缺血性中风,疾病,适用药,"成立条件：大便难
操作：星蒌承气汤",星蒌承气汤
缺血性中风,疾病,适用药,"成立条件：急性期，伏寒所致血脉不通
操作：右归丸加减
依据：温阳散寒行血",右归丸加减
右归丸加减,方剂,方药加,,水蛭
右归丸加减,方剂,方药加,,地龙
缺血性中风,疾病,适用药,"成立条件：急性期，伏痰闭阻
操作：半夏白术天麻汤加减
依据：调气豁痰、化浊活血",半夏白术天麻汤加减
半夏白术天麻汤加减,方剂,方药加,,三七
半夏白术天麻汤加减,方剂,方药加,,红花
缺血性中风,疾病,适用药,"成立条件：急性期，瘀阻络
操作：破瘀醒神汤加减
依据：活血化瘀行气",破瘀醒神汤加减
缺血性中风,疾病,采用,成立条件：恢复期,健脾化痰
缺血性中风,疾病,采用,成立条件：恢复期,调畅气机
缺血性中风,疾病,采用,成立条件：恢复期,活血化瘀
缺血性中风,疾病,适用药,成立条件：恢复期,补阳还五汤加减
缺血性中风,疾病,适用药,成立条件：恢复期,补中益气汤加减
健脾化痰,治则治法,适用于,,缺血性中风
调畅气机,治则治法,适用于,,缺血性中风
活血化瘀,治则治法,适用于,,缺血性中风
补阳还五汤加减,方剂,适应症,,缺血性中风
补中益气汤加减,方剂,适应症,,缺血性中风
手足不遂,症状体征,是…的症状体征,,小中风
言语睿涩,症状体征,是…的症状体征,,小中风
小中风,疾病,现象表达,,手足不遂
小中风,疾病,现象表达,,言语睿涩
久患眩晕,症状体征,是…的症状体征,,先兆症
头胀面赤,症状体征,是…的症状体征,,先兆症
手足渐觉不遂,症状体征,是…的症状体征,,先兆症
上下肢足趾、手指麻痹不仁 ,症状体征,是…的症状体征,,先兆症
言语謇涩,症状体征,是…的症状体征,,先兆症
胸膈痞闷,症状体征,是…的症状体征,,先兆症
性情暴躁,症状体征,是…的症状体征,,先兆症
吐痰相续,症状体征,是…的症状体征,,先兆症
六脉弦滑,症状体征,是…的症状体征,,先兆症
六脉虚软无力,症状体征,是…的症状体征,,先兆症
先兆症,疾病分期,现象表达,,久患眩晕
先兆症,疾病分期,现象表达,,头胀面赤
先兆症,疾病分期,现象表达,,手足渐觉不遂
先兆症,疾病分期,现象表达,,上下肢足趾、手指麻痹不仁 
先兆症,疾病分期,现象表达,,言语謇涩
先兆症,疾病分期,现象表达,,胸膈痞闷
先兆症,疾病分期,现象表达,,性情暴躁
先兆症,疾病分期,现象表达,,吐痰相续
先兆症,疾病分期,现象表达,,六脉弦滑
先兆症,疾病分期,现象表达,,六脉虚软无力
起病缓慢,症状体征,是…的症状体征,,瘀塞经络证
头痛眩晕,症状体征,是…的症状体征,,瘀塞经络证
皮肤肢体麻木,症状体征,是…的症状体征,,瘀塞经络证
舌强,症状体征,是…的症状体征,,瘀塞经络证
语言不利,症状体征,是…的症状体征,,瘀塞经络证
步履缓行,症状体征,是…的症状体征,,瘀塞经络证
静卧,症状体征,是…的症状体征,,瘀塞经络证
夜睡,症状体征,是…的症状体征,,瘀塞经络证
口眼喝斜,症状体征,是…的症状体征,,瘀塞经络证
肢体偏瘫,症状体征,是…的症状体征,,瘀塞经络证
意识尚清,症状体征,是…的症状体征,,瘀塞经络证
神志不清,症状体征,是…的症状体征,,瘀塞经络证
舌红尖赤,症状体征,是…的症状体征,,瘀塞经络证
苔红苔黄腻,症状体征,是…的症状体征,,瘀塞经络证
脉弦大而滑,症状体征,是…的症状体征,,瘀塞经络证
瘀塞经络证,证候,现象表达,,起病缓慢
瘀塞经络证,证候,现象表达,,头痛眩晕
瘀塞经络证,证候,现象表达,,皮肤肢体麻木
瘀塞经络证,证候,现象表达,,舌强
瘀塞经络证,证候,现象表达,,语言不利
瘀塞经络证,证候,现象表达,,步履缓行
瘀塞经络证,证候,现象表达,,静卧
瘀塞经络证,证候,现象表达,,夜睡
瘀塞经络证,证候,现象表达,,口眼喝斜
瘀塞经络证,证候,现象表达,,肢体偏瘫
瘀塞经络证,证候,现象表达,,意识尚清
瘀塞经络证,证候,现象表达,,神志不清
瘀塞经络证,证候,现象表达,,舌红尖赤
瘀塞经络证,证候,现象表达,,苔红苔黄腻
瘀塞经络证,证候,现象表达,,脉弦大而滑
气粗息高,症状体征,是…的症状体征,,风痰热盛证
扬手掷足,症状体征,是…的症状体征,,风痰热盛证
躁扰不宁,症状体征,是…的症状体征,,风痰热盛证
头胀耳鸣,症状体征,是…的症状体征,,风痰热盛证
巅顶作痛,症状体征,是…的症状体征,,风痰热盛证
脉弦劲实大,症状体征,是…的症状体征,,风痰热盛证
大便秘结,症状体征,是…的症状体征,,风痰热盛证
矢气频转,症状体征,是…的症状体征,,风痰热盛证
舌苔黄燥,症状体征,是…的症状体征,,风痰热盛证
脉沉滑力,症状体征,是…的症状体征,,风痰热盛证
风痰热盛证,证候,现象表达,,气粗息高
风痰热盛证,证候,现象表达,,扬手掷足
风痰热盛证,证候,现象表达,,躁扰不宁
风痰热盛证,证候,现象表达,,头胀耳鸣
风痰热盛证,证候,现象表达,,巅顶作痛
风痰热盛证,证候,现象表达,,脉弦劲实大
风痰热盛证,证候,现象表达,,大便秘结
风痰热盛证,证候,现象表达,,矢气频转
风痰热盛证,证候,现象表达,,舌苔黄燥
风痰热盛证,证候,现象表达,,脉沉滑
突然剧烈头痛,症状体征,是…的症状体征,,络损血溢证
呕吐,症状体征,是…的症状体征,,络损血溢证
项强,症状体征,是…的症状体征,,络损血溢证
意识尚清,症状体征,是…的症状体征,,络损血溢证
神昏,症状体征,是…的症状体征,,络损血溢证
偏瘫,症状体征,是…的症状体征,,络损血溢证
失语,症状体征,是…的症状体征,,络损血溢证
痉挛,症状体征,是…的症状体征,,络损血溢证
烦躁不安,症状体征,是…的症状体征,,络损血溢证
络损血溢证,证候,现象表达,,突然剧烈头痛
络损血溢证,证候,现象表达,,呕吐
络损血溢证,证候,现象表达,,项强
络损血溢证,证候,现象表达,,意识尚清
络损血溢证,证候,现象表达,,神昏
络损血溢证,证候,现象表达,,偏瘫
络损血溢证,证候,现象表达,,失语
络损血溢证,证候,现象表达,,痉挛
络损血溢证,证候,现象表达,,烦躁不安
昏不知人,症状体征,是…的症状体征,,阳闭证
意识障碍,症状体征,是…的症状体征,,阳闭证
两手握固,症状体征,是…的症状体征,,阳闭证
牙关紧闭,症状体征,是…的症状体征,,阳闭证
面赤气粗,症状体征,是…的症状体征,,阳闭证
舌红苔黄腻,症状体征,是…的症状体征,,阳闭证
脉弦滑数,症状体征,是…的症状体征,,阳闭证
阳闭证,证候,现象表达,,昏不知人
阳闭证,证候,现象表达,,意识障碍
阳闭证,证候,现象表达,,两手握固
阳闭证,证候,现象表达,,牙关紧闭
阳闭证,证候,现象表达,,面赤气粗
阳闭证,证候,现象表达,,舌红苔黄腻
阳闭证,证候,现象表达,,脉弦滑数
静而不烦,症状体征,是…的症状体征,,阴闭证
面白唇紫,症状体征,是…的症状体征,,阴闭证
痰涎壅盛,症状体征,是…的症状体征,,阴闭证
四肢不温,症状体征,是…的症状体征,,阴闭证
苔白滑腻,症状体征,是…的症状体征,,阴闭证
脉沉滑,症状体征,是…的症状体征,,阴闭证
阴闭证,证候,现象表达,,静而不烦
阴闭证,证候,现象表达,,面白唇紫
阴闭证,证候,现象表达,,痰涎壅盛
阴闭证,证候,现象表达,,四肢不温
阴闭证,证候,现象表达,,苔白滑腻
阴闭证,证候,现象表达,,脉沉滑
突然昏倒,症状体征,是…的症状体征,,昏脱证
不省人事,症状体征,是…的症状体征,,昏脱证
鼾声痰鸣,症状体征,是…的症状体征,,昏脱证
目合口开,症状体征,是…的症状体征,,昏脱证
手撒,症状体征,是…的症状体征,,昏脱证
尿失禁,症状体征,是…的症状体征,,昏脱证
呼吸深大,症状体征,是…的症状体征,,昏脱证
脉沉数,症状体征,是…的症状体征,,昏脱证
脉浮大无根,症状体征,是…的症状体征,,昏脱证
昏脱证,证候,现象表达,,突然昏倒
昏脱证,证候,现象表达,,不省人事
昏脱证,证候,现象表达,,鼾声痰鸣
昏脱证,证候,现象表达,,目合口开
昏脱证,证候,现象表达,,手撒
昏脱证,证候,现象表达,,尿失禁
昏脱证,证候,现象表达,,呼吸深大
昏脱证,证候,现象表达,,脉沉数
昏脱证,证候,现象表达,,脉浮大无根
后遗症,症状体征集合,包含,,手足偏枯
后遗症,症状体征集合,包含,,唇缓流涎
后遗症,症状体征集合,包含,,半身不遂
后遗症,症状体征集合,包含,,口舌㖞斜
后遗症,症状体征集合,包含,,舌謇语涩
后遗症,症状体征集合,包含,,神志模糊
卒仆倒地,症状体征,是…的症状体征,,闭证 
口噤目张,症状体征,是…的症状体征,,闭证 
两手握固,症状体征,是…的症状体征,,闭证 
二便不通,症状体征,是…的症状体征,,闭证 
脉洪数弦大,症状体征,是…的症状体征,,闭证 
闭证 ,证候,现象表达,,卒仆倒地
闭证 ,证候,现象表达,,口噤目张
闭证 ,证候,现象表达,,两手握固
闭证 ,证候,现象表达,,二便不通
闭证 ,证候,现象表达,,脉洪数弦大
卒倒,症状体征,是…的症状体征,,脱证
痰涎壅塞,症状体征,是…的症状体征,,脱证
喉间痰如拽锯,症状体征,是…的症状体征,,脱证
汗出如雨,症状体征,是…的症状体征,,脱证
神昏不语,症状体征,是…的症状体征,,脱证
口开目合,症状体征,是…的症状体征,,脱证
遗尿,症状体征,是…的症状体征,,脱证
鼾睡不语,症状体征,是…的症状体征,,脱证
手足懈驰不收,症状体征,是…的症状体征,,脱证
脉细微,症状体征,是…的症状体征,,脱证
脱证,证候,现象表达,,卒倒
脱证,证候,现象表达,,痰涎壅塞
脱证,证候,现象表达,,喉间痰如拽锯
脱证,证候,现象表达,,汗出如雨
脱证,证候,现象表达,,神昏不语
脱证,证候,现象表达,,口开目合
脱证,证候,现象表达,,遗尿
脱证,证候,现象表达,,鼾睡不语
脱证,证候,现象表达,,手足懈驰不收
脱证,证候,现象表达,,脉细微
半身不遂,症状体征,是…的症状体征,,痰饮
口舌㖞斜,症状体征,是…的症状体征,,痰饮
头痛肢麻,症状体征,是…的症状体征,,痰饮
腹胀痰多,症状体征,是…的症状体征,,痰饮
痰饮,证候,现象表达,,半身不遂
痰饮,证候,现象表达,,口舌㖞斜
痰饮,证候,现象表达,,头痛肢麻
痰饮,证候,现象表达,,腹胀痰多
声色俱厉,症状体征,是…的症状体征,,风阳上冒证
气粗息高,症状体征,是…的症状体征,,风阳上冒证
扬手掷足,症状体征,是…的症状体征,,风阳上冒证
口苦咽干,症状体征,是…的症状体征,,风阳上冒证
目张头痛,症状体征,是…的症状体征,,风阳上冒证
风阳上冒证,证候,现象表达,,声色俱厉
风阳上冒证,证候,现象表达,,气粗息高
风阳上冒证,证候,现象表达,,扬手掷足
风阳上冒证,证候,现象表达,,口苦咽干
风阳上冒证,证候,现象表达,,目张头痛
肢瘫言謇,症状体征,由···引起,,嗜食肥甘
头量肢麻,症状体征,由···引起,,嗜食肥甘
口舌歪斜,症状体征,由···引起,,嗜食肥甘
痰多呕恶,症状体征,由···引起,,嗜食肥甘
舌红苔白,症状体征,由···引起,,嗜食肥甘
脉弦滑,症状体征,由···引起,,嗜食肥甘
嗜食肥甘,病因病机,引起,,肢瘫言謇
嗜食肥甘,病因病机,引起,,头量肢麻
嗜食肥甘,病因病机,引起,,口舌歪斜
嗜食肥甘,病因病机,引起,,痰多呕恶
嗜食肥甘,病因病机,引起,,舌红苔白
嗜食肥甘,病因病机,引起,,脉弦滑
手足偏枯,症状体征,是…的症状体征,,后遗症期
唇缓流涎,症状体征,是…的症状体征,,后遗症期
半身不遂,症状体征,是…的症状体征,,后遗症期
口舌㖞斜,症状体征,是…的症状体征,,后遗症期
舌謇语涩,症状体征,是…的症状体征,,后遗症期
后遗症期,疾病分期,现象表达,,后遗症
后遗症期,疾病分期,现象表达,,手足偏枯
后遗症期,疾病分期,现象表达,,唇缓流涎
后遗症期,疾病分期,现象表达,,半身不遂
后遗症期,疾病分期,现象表达,,口舌㖞斜
后遗症期,疾病分期,现象表达,,舌謇语涩
昏迷鼾声,症状体征,是…的症状体征,,外闭内脱证
遗尿,症状体征,是…的症状体征,,外闭内脱证
手撒,症状体征,是…的症状体征,,外闭内脱证
颜面红赤,症状体征,是…的症状体征,,外闭内脱证
身热汗出,症状体征,是…的症状体征,,外闭内脱证
喉间鸣,症状体征,是…的症状体征,,外闭内脱证
大便不通,症状体征,是…的症状体征,,外闭内脱证
舌红赤苔黄黑,症状体征,是…的症状体征,,外闭内脱证
口干,症状体征,是…的症状体征,,外闭内脱证
脉弦数而紧,症状体征,是…的症状体征,,外闭内脱证
外闭内脱证,证候,现象表达,,昏迷鼾声
外闭内脱证,证候,现象表达,,遗尿
外闭内脱证,证候,现象表达,,手撒
外闭内脱证,证候,现象表达,,颜面红赤
外闭内脱证,证候,现象表达,,身热汗出
外闭内脱证,证候,现象表达,,喉间鸣
外闭内脱证,证候,现象表达,,大便不通
外闭内脱证,证候,现象表达,,舌红赤苔黄黑
外闭内脱证,证候,现象表达,,口干
外闭内脱证,证候,现象表达,,脉弦数而紧
（三化汤加生蒲黄、桃仁、煨皂角）,方剂,基础方,,三化汤
（补阳还五汤减黄芪加生蒲黄、苏木、土鳖虫、稀莶草）,方剂,基础方,,补阳还五汤
（大黄黄连泻心汤加白及、马灯草）,方剂,基础方,,大黄黄连泻心汤
（补阳还五汤加苏木、土鳖虫、稀签草）,方剂,基础方,,补阳还五汤
河间地黄饮子化裁,方剂,基础方,,地黄饮子
十味温胆汤加减,方剂,基础方,,十味温胆汤
三化汤加味,方剂,基础方,,三化汤
抵挡汤加味,方剂,基础方,,抵挡汤
（补阳还五汤加乌梢蛇、僵蚕、全蝎、水蛭）,方剂,基础方,,补阳还五汤
“至宝丹、苏合香丸、真紫雪散、醒脑健神丹加味”,方剂,基础方,,至宝丹
“至宝丹、苏合香丸、真紫雪散、醒脑健神丹加味”,方剂,基础方,,苏合香丸
“至宝丹、苏合香丸、真紫雪散、醒脑健神丹加味”,方剂,基础方,,真紫雪散
“至宝丹、苏合香丸、真紫雪散、醒脑健神丹加味”,方剂,基础方,,醒脑健神丹
右归丸加减,方剂,基础方,,右归丸
半夏白术天麻汤加减,方剂,基础方,,半夏白术天麻汤
破瘀醒神汤加减,方剂,基础方,,破瘀醒神汤
补阳还五汤加减,方剂,基础方,,补阳还五汤
补中益气汤加减,方剂,基础方,,补中益气汤
补阳还五汤,方剂,方剂,,
大黄黄连泻心汤,方剂,方剂,,
地黄饮子,方剂,方剂,,
十味温胆汤,方剂,方剂,,
右归丸,方剂,方剂,,
半夏白术天麻汤,方剂,方剂,,
破瘀醒神汤,方剂,方剂,,
补中益气汤,方剂,方剂,,
川芎,中药材,组成,,透顶止痛散
辛夷,中药材,组成,,透顶止痛散
冰片,中药材,组成,,透顶止痛散
白芷,中药材,组成,,透顶止痛散
硼砂,中药材,组成,,透顶止痛散
真麝香,中药材,组成,,透顶止痛散
透顶止痛散,方剂,由···组成,,川芎
透顶止痛散,方剂,由···组成,,辛夷
透顶止痛散,方剂,由···组成,,冰片
透顶止痛散,方剂,由···组成,,白芷
透顶止痛散,方剂,由···组成,,硼砂
透顶止痛散,方剂,由···组成,,真麝香
金银花,中药材,组成,,四妙勇安汤
当归,中药材,组成,,四妙勇安汤
玄参,中药材,组成,,四妙勇安汤
生甘草,中药材,组成,,四妙勇安汤
四妙勇安汤,方剂,由···组成,,金银花
四妙勇安汤,方剂,由···组成,,当归
四妙勇安汤,方剂,由···组成,,玄参
四妙勇安汤,方剂,由···组成,,生甘草
炒刀豆,中药材,组成,,平逆止呃汤
青皮,中药材,组成,,平逆止呃汤
枳壳,中药材,组成,,平逆止呃汤
旋覆花,中药材,组成,,平逆止呃汤
清半夏,中药材,组成,,平逆止呃汤
鲜姜,中药材,组成,,平逆止呃汤
枇杷叶,中药材,组成,,平逆止呃汤
莱菔子,中药材,组成,,平逆止呃汤
平逆止呃汤,方剂,由···组成,,炒刀豆
平逆止呃汤,方剂,由···组成,,青皮
平逆止呃汤,方剂,由···组成,,枳壳
平逆止呃汤,方剂,由···组成,,旋覆花
平逆止呃汤,方剂,由···组成,,清半夏
平逆止呃汤,方剂,由···组成,,鲜姜
平逆止呃汤,方剂,由···组成,,枇杷叶
平逆止呃汤,方剂,由···组成,,莱菔子
羚羊角,中药材,组成,,清肺汤
玳瑁,中药材,组成,,清肺汤
金荞麦,中药材,组成,,清肺汤
虎杖,中药材,组成,,清肺汤
黄芩,中药材,组成,,清肺汤
杏仁,中药材,组成,,清肺汤
生石膏,中药材,组成,,清肺汤
金莲花,中药材,组成,,清肺汤
七叶一枝花,中药材,组成,,清肺汤
清肺汤,方剂,由···组成,,羚羊角
清肺汤,方剂,由···组成,,玳瑁
清肺汤,方剂,由···组成,,金荞麦
清肺汤,方剂,由···组成,,虎杖
清肺汤,方剂,由···组成,,黄芩
清肺汤,方剂,由···组成,,杏仁
清肺汤,方剂,由···组成,,生石膏
清肺汤,方剂,由···组成,,金莲花
清肺汤,方剂,由···组成,,七叶一枝花
水牛角,中药材,组成,,宣窍醒神汤
羚羊角,中药材,组成,,宣窍醒神汤
玳瑁,中药材,组成,,宣窍醒神汤
石菖蒲,中药材,组成,,宣窍醒神汤
郁金,中药材,组成,,宣窍醒神汤
细芽茶,中药材,组成,,宣窍醒神汤
白薇,中药材,组成,,宣窍醒神汤
栀子仁,中药材,组成,,宣窍醒神汤
清半夏,中药材,组成,,宣窍醒神汤
宣窍醒神汤,方剂,由···组成,,水牛角
宣窍醒神汤,方剂,由···组成,,羚羊角
宣窍醒神汤,方剂,由···组成,,玳瑁
宣窍醒神汤,方剂,由···组成,,石菖蒲
宣窍醒神汤,方剂,由···组成,,郁金
宣窍醒神汤,方剂,由···组成,,细芽茶
宣窍醒神汤,方剂,由···组成,,白薇
宣窍醒神汤,方剂,由···组成,,栀子仁
宣窍醒神汤,方剂,由···组成,,清半夏
真牛黄,中药材,组成,,醒脑散
真麝香,中药材,组成,,醒脑散
龙涎香,中药材,组成,,醒脑散
安息香,中药材,组成,,醒脑散
冰片,中药材,组成,,醒脑散
西红花,中药材,组成,,醒脑散
猴枣,中药材,组成,,醒脑散
石菖蒲,中药材,组成,,醒脑散
莲子心,中药材,组成,,醒脑散
胆南星,中药材,组成,,醒脑散
煨皂角,中药材,组成,,醒脑散
醒脑散,方剂,由···组成,,真牛黄
醒脑散,方剂,由···组成,,真麝香
醒脑散,方剂,由···组成,,龙涎香
醒脑散,方剂,由···组成,,安息香
醒脑散,方剂,由···组成,,冰片
醒脑散,方剂,由···组成,,西红花
醒脑散,方剂,由···组成,,猴枣
醒脑散,方剂,由···组成,,石菖蒲
醒脑散,方剂,由···组成,,莲子心
醒脑散,方剂,由···组成,,胆南星
醒脑散,方剂,由···组成,,煨皂角
女贞子,中药材,组成,,滋营养液膏
旱莲草,中药材,组成,,滋营养液膏
桑叶,中药材,组成,,滋营养液膏
黑芝麻,中药材,组成,,滋营养液膏
甘菊花,中药材,组成,,滋营养液膏
枸杞子,中药材,组成,,滋营养液膏
当归,中药材,组成,,滋营养液膏
白芍,中药材,组成,,滋营养液膏
熟地,中药材,组成,,滋营养液膏
黑豆,中药材,组成,,滋营养液膏
茯神,中药材,组成,,滋营养液膏
玉竹,中药材,组成,,滋营养液膏
橘红,中药材,组成,,滋营养液膏
沙苑子,中药材,组成,,滋营养液膏
炙甘草,中药材,组成,,滋营养液膏
滋营养液膏,方剂,由···组成,,女贞子
滋营养液膏,方剂,由···组成,,旱莲草
滋营养液膏,方剂,由···组成,,桑叶
滋营养液膏,方剂,由···组成,,黑芝麻
滋营养液膏,方剂,由···组成,,甘菊花
滋营养液膏,方剂,由···组成,,枸杞子
滋营养液膏,方剂,由···组成,,当归
滋营养液膏,方剂,由···组成,,白芍
滋营养液膏,方剂,由···组成,,熟地
滋营养液膏,方剂,由···组成,,黑豆
滋营养液膏,方剂,由···组成,,茯神
滋营养液膏,方剂,由···组成,,玉竹
滋营养液膏,方剂,由···组成,,橘红
滋营养液膏,方剂,由···组成,,沙苑子
滋营养液膏,方剂,由···组成,,炙甘草
西洋参,中药材,组成,,心脾双补丸
白术,中药材,组成,,心脾双补丸
茯神,中药材,组成,,心脾双补丸
甘草,中药材,组成,,心脾双补丸
生地,中药材,组成,,心脾双补丸
丹参,中药材,组成,,心脾双补丸
酸枣仁,中药材,组成,,心脾双补丸
桂圆肉,中药材,组成,,心脾双补丸
五味子,中药材,组成,,心脾双补丸
麦冬,中药材,组成,,心脾双补丸
玄参,中药材,组成,,心脾双补丸
柏子仁,中药材,组成,,心脾双补丸
黄连,中药材,组成,,心脾双补丸
香附,中药材,组成,,心脾双补丸
川贝,中药材,组成,,心脾双补丸
桔梗,中药材,组成,,心脾双补丸
远志,中药材,组成,,心脾双补丸
心脾双补丸,方剂,由···组成,,西洋参
心脾双补丸,方剂,由···组成,,白术
心脾双补丸,方剂,由···组成,,茯神
心脾双补丸,方剂,由···组成,,甘草
心脾双补丸,方剂,由···组成,,生地
心脾双补丸,方剂,由···组成,,丹参
心脾双补丸,方剂,由···组成,,酸枣仁
心脾双补丸,方剂,由···组成,,桂圆肉
心脾双补丸,方剂,由···组成,,五味子
心脾双补丸,方剂,由···组成,,麦冬
心脾双补丸,方剂,由···组成,,玄参
心脾双补丸,方剂,由···组成,,柏子仁
心脾双补丸,方剂,由···组成,,黄连
心脾双补丸,方剂,由···组成,,香附
心脾双补丸,方剂,由···组成,,川贝
心脾双补丸,方剂,由···组成,,桔梗
心脾双补丸,方剂,由···组成,,远志
夜合枝,中药材,组成,用量：250g,夜合醒酒方
桑枝,中药材,组成,用量：250g,夜合醒酒方
槐枝,中药材,组成,用量：250g,夜合醒酒方
柏枝,中药材,组成,用量：250g,夜合醒酒方
石榴枝,中药材,组成,用量：250g,夜合醒酒方
羌活,中药材,组成,用量：100g,夜合醒酒方
防风,中药材,组成,用量：250g,夜合醒酒方
糯米,中药材,组成,用量：5000毫升,夜合醒酒方
细麦面,中药材,组成,用量：3750克,夜合醒酒方
黑豆,中药材,组成,用量：2500g,夜合醒酒方
夜合醒酒方,方剂,由···组成,,夜合枝
夜合醒酒方,方剂,由···组成,,桑枝
夜合醒酒方,方剂,由···组成,,槐枝
夜合醒酒方,方剂,由···组成,,柏枝
夜合醒酒方,方剂,由···组成,,石榴枝
夜合醒酒方,方剂,由···组成,,羌活
夜合醒酒方,方剂,由···组成,,防风
夜合醒酒方,方剂,由···组成,,糯米
夜合醒酒方,方剂,由···组成,,细麦面
夜合醒酒方,方剂,由···组成,,黑豆
生大黄,中药材,组成,用量：30g,颠倒散
硫黄,中药材,组成,"用法：精制
用量：10g",颠倒散
雄黄,中药材,组成,"用法：水飞澄去黑者晒干如粉
用量：10g",颠倒散
颠倒散,方剂,由···组成,,生大黄
颠倒散,方剂,由···组成,,硫黄
颠倒散,方剂,由···组成,,雄黄
大黄,中药材,组成,,三化汤
枳实,中药材,组成,,三化汤
厚朴,中药材,组成,,三化汤
羌活,中药材,组成,,三化汤
三化汤,方剂,由···组成,,大黄
三化汤,方剂,由···组成,,枳实
三化汤,方剂,由···组成,,厚朴
三化汤,方剂,由···组成,,羌活
白矾,中药材,组成,,白矾散
生姜,中药材,组成,,白矾散
白矾散,方剂,由···组成,,白矾
白矾散,方剂,由···组成,,生姜
人参,中药材,组成,"用量：15g
或用：红参15g",两救固脱饮(自拟)
附子,中药材,组成,用量：10g,两救固脱饮(自拟)
龟板胶,中药材,组成,,两救固脱饮(自拟)
鱼螵胶,中药材,组成,用量：15g,两救固脱饮(自拟)
玳瑁,中药材,组成,用量：15g,两救固脱饮(自拟)
山茱萸,中药材,组成,用量：20g,两救固脱饮(自拟)
阿胶,中药材,组成,用量：15g,两救固脱饮(自拟)
鸡子黄,中药材,组成,用量：1个,两救固脱饮(自拟)
胆南星,中药材,组成,用量：5g,两救固脱饮(自拟)
鹿角胶,中药材,组成,用量：10g,
两救固脱饮(自拟),方剂,由···组成,,人参
两救固脱饮(自拟),方剂,由···组成,,附子
两救固脱饮(自拟),方剂,由···组成,,龟板胶
两救固脱饮(自拟),方剂,由···组成,,鱼螵胶
两救固脱饮(自拟),方剂,由···组成,,玳瑁
两救固脱饮(自拟),方剂,由···组成,,山茱萸
两救固脱饮(自拟),方剂,由···组成,,阿胶
两救固脱饮(自拟),方剂,由···组成,,鸡子黄
两救固脱饮(自拟),方剂,由···组成,,胆南星
两救固脱饮(自拟),方剂,由···组成,,鹿角胶
珍珠母,中药材,组成,用量：5g,理气反正散(自拟)
丹参,中药材,组成,用量：5g,理气反正散(自拟)
沉香,中药材,组成,用量：3g,理气反正散(自拟)
乌药,中药材,组成,用量：2g,理气反正散(自拟)
白蒺藜,中药材,组成,用量：5g,理气反正散(自拟)
佛手,中药材,组成,用量：5g,理气反正散(自拟)
桑枝,中药材,组成,用量：10g,理气反正散(自拟)
青皮,中药材,组成,用量：3g,理气反正散(自拟)
胆南星,中药材,组成,用量：1.5g,理气反正散(自拟)
郁金,中药材,组成,用量：3g,理气反正散(自拟)
理气反正散(自拟),方剂,由···组成,,珍珠母
理气反正散(自拟),方剂,由···组成,,丹参
理气反正散(自拟),方剂,由···组成,,沉香
理气反正散(自拟),方剂,由···组成,,乌药
理气反正散(自拟),方剂,由···组成,,白蒺藜
理气反正散(自拟),方剂,由···组成,,佛手
理气反正散(自拟),方剂,由···组成,,桑枝
理气反正散(自拟),方剂,由···组成,,青皮
理气反正散(自拟),方剂,由···组成,,胆南星
理气反正散(自拟),方剂,由···组成,,郁金
风化硝,中药材,组成,用量：1g,涤痰散
猴枣,中药材,组成,用量：0.5g,涤痰散
胆南星,中药材,组成,用量：1.5g,涤痰散
石菖蒲,中药材,组成,,涤痰散
天竺黄,中药材,组成,,涤痰散
竹沥,中药材,组成,,涤痰散
涤痰散,方剂,由···组成,,风化硝
涤痰散,方剂,由···组成,,猴枣
涤痰散,方剂,由···组成,,胆南星
涤痰散,方剂,由···组成,,石菖蒲
涤痰散,方剂,由···组成,,天竺黄
涤痰散,方剂,由···组成,,竹沥
玳瑁,中药材,组成,,豁痰丸(自拟)
羚羊角,中药材,组成,,豁痰丸(自拟)
皂角炭,中药材,组成,,豁痰丸(自拟)
胆南星,中药材,组成,,豁痰丸(自拟)
西瓜硝,中药材,组成,,豁痰丸(自拟)
蛇胆,中药材,组成,,豁痰丸(自拟)
陈皮末,中药材,组成,,豁痰丸(自拟)
竹沥,中药材,组成,,豁痰丸(自拟)
沉香,中药材,组成,,豁痰丸(自拟)
枯矾,中药材,组成,,豁痰丸(自拟)
豁痰丸(自拟),方剂,由···组成,,玳瑁
豁痰丸(自拟),方剂,由···组成,,羚羊角
豁痰丸(自拟),方剂,由···组成,,皂角炭
豁痰丸(自拟),方剂,由···组成,,胆南星
豁痰丸(自拟),方剂,由···组成,,西瓜硝
豁痰丸(自拟),方剂,由···组成,,蛇胆
豁痰丸(自拟),方剂,由···组成,,陈皮末
豁痰丸(自拟),方剂,由···组成,,竹沥
豁痰丸(自拟),方剂,由···组成,,沉香
豁痰丸(自拟),方剂,由···组成,,枯矾
羚羊角,中药材,组成,用量：5g,潜阳熄风煎(自拟)
天竺黄,中药材,组成,用量：15g,潜阳熄风煎(自拟)
玳瑁,中药材,组成,用量：15g,潜阳熄风煎(自拟)
珍珠母,中药材,组成,用量：5g,潜阳熄风煎(自拟)
紫贝齿,中药材,组成,用量：15g,潜阳熄风煎(自拟)
龟板,中药材,组成,用量：15g,潜阳熄风煎(自拟)
僵蚕,中药材,组成,用量：15g,潜阳熄风煎(自拟)
葛根,中药材,组成,用量：15g,潜阳熄风煎(自拟)
生槐花,中药材,组成,用量：50g,潜阳熄风煎(自拟)
生地,中药材,组成,用量：15g,潜阳熄风煎(自拟)
胆南星,中药材,组成,用量：15g,潜阳熄风煎(自拟)
秦艽,中药材,组成,用量：15g,潜阳熄风煎(自拟)
潜阳熄风煎(自拟),方剂,由···组成,,羚羊角
潜阳熄风煎(自拟),方剂,由···组成,,天竺黄
潜阳熄风煎(自拟),方剂,由···组成,,玳瑁
潜阳熄风煎(自拟),方剂,由···组成,,珍珠母
潜阳熄风煎(自拟),方剂,由···组成,,紫贝齿
潜阳熄风煎(自拟),方剂,由···组成,,龟板
潜阳熄风煎(自拟),方剂,由···组成,,僵蚕
潜阳熄风煎(自拟),方剂,由···组成,,葛根
潜阳熄风煎(自拟),方剂,由···组成,,生槐花
潜阳熄风煎(自拟),方剂,由···组成,,生地
潜阳熄风煎(自拟),方剂,由···组成,,胆南星
潜阳熄风煎(自拟),方剂,由···组成,,秦艽
生地黄,中药材,组成,,吴瑭医案方
生白芍,中药材,组成,,吴瑭医案方
生牡蛎,中药材,组成,,吴瑭医案方
麦芽,中药材,组成,,吴瑭医案方
生鱉甲,中药材,组成,,吴瑭医案方
甘草,中药材,组成,,吴瑭医案方
阿胶,中药材,组成,,吴瑭医案方
吴瑭医案方,方剂,由···组成,,生地黄
吴瑭医案方,方剂,由···组成,,生白芍
吴瑭医案方,方剂,由···组成,,生牡蛎
吴瑭医案方,方剂,由···组成,,麦芽
吴瑭医案方,方剂,由···组成,,生鱉甲
吴瑭医案方,方剂,由···组成,,甘草
吴瑭医案方,方剂,由···组成,,阿胶
何首乌,中药材,组成,,王旭高医案方
当归,中药材,组成,,王旭高医案方
白芍,中药材,组成,,王旭高医案方
旋覆花,中药材,组成,,王旭高医案方
陈皮,中药材,组成,,王旭高医案方
秦艽,中药材,组成,,王旭高医案方
菊花,中药材,组成,,王旭高医案方
钩藤,中药材,组成,,王旭高医案方
天麻,中药材,组成,,王旭高医案方
蒺藜,中药材,组成,,王旭高医案方
桑枝,中药材,组成,,王旭高医案方
王旭高医案方,方剂,由···组成,,何首乌
王旭高医案方,方剂,由···组成,,当归
王旭高医案方,方剂,由···组成,,白芍
王旭高医案方,方剂,由···组成,,旋覆花
王旭高医案方,方剂,由···组成,,陈皮
王旭高医案方,方剂,由···组成,,秦艽
王旭高医案方,方剂,由···组成,,菊花
王旭高医案方,方剂,由···组成,,钩藤
王旭高医案方,方剂,由···组成,,天麻
王旭高医案方,方剂,由···组成,,蒺藜
王旭高医案方,方剂,由···组成,,桑枝
生槐花,中药材,组成,用量：5g,活络化浊散(自拟)
葛根,中药材,组成,用量：5g,活络化浊散(自拟)
赤芍,中药材,组成,用量：5g,活络化浊散(自拟)
地龙,中药材,组成,用量：3g,活络化浊散(自拟)
川芎,中药材,组成,用量：3g,活络化浊散(自拟)
西红花,中药材,组成,"用法：另吞
用量：1.5g",活络化浊散(自拟)
三七粉,中药材,组成,"用法：分3次冲服
用量：1.5g",活络化浊散(自拟)
稀莶草,中药材,组成,用量：10g,活络化浊散(自拟)
胆南星,中药材,组成,,活络化浊散(自拟)
橘络,中药材,组成,,活络化浊散(自拟)
厚朴,中药材,组成,用量：5g,活络化浊散(自拟)
瓜蒌,中药材,组成,用量：5g,活络化浊散(自拟)
大黄,中药材,组成,用量：3g,活络化浊散(自拟)
白蔻,中药材,组成,用量：3g,活络化浊散(自拟)
活络化浊散(自拟),方剂,由···组成,,生槐花
活络化浊散(自拟),方剂,由···组成,,葛根
活络化浊散(自拟),方剂,由···组成,,赤芍
活络化浊散(自拟),方剂,由···组成,,地龙
活络化浊散(自拟),方剂,由···组成,,川芎
活络化浊散(自拟),方剂,由···组成,,西红花
活络化浊散(自拟),方剂,由···组成,,三七粉
活络化浊散(自拟),方剂,由···组成,,稀莶草
活络化浊散(自拟),方剂,由···组成,,胆南星
活络化浊散(自拟),方剂,由···组成,,橘络
活络化浊散(自拟),方剂,由···组成,,厚朴
活络化浊散(自拟),方剂,由···组成,,瓜蒌
活络化浊散(自拟),方剂,由···组成,,大黄
活络化浊散(自拟),方剂,由···组成,,白蔻
血竭,中药材,组成,用量：15g,醒脑通脉散
西红花,中药材,组成,用量：20g,醒脑通脉散
葛根,中药材,组成,用量：30g,醒脑通脉散
三七,中药材,组成,用量：25g,醒脑通脉散
麝香,中药材,组成,,醒脑通脉散
东牛黄,中药材,组成,,醒脑通脉散
珍珠,中药材,组成,,醒脑通脉散
白花蛇,中药材,组成,,醒脑通脉散
玳瑁,中药材,组成,,醒脑通脉散
胆南星,中药材,组成,,醒脑通脉散
川芎,中药材,组成,,醒脑通脉散
白薇,中药材,组成,,醒脑通脉散
醒脑通脉散,方剂,由···组成,,血竭
醒脑通脉散,方剂,由···组成,,西红花
醒脑通脉散,方剂,由···组成,,葛根
醒脑通脉散,方剂,由···组成,,三七
醒脑通脉散,方剂,由···组成,,麝香
醒脑通脉散,方剂,由···组成,,东牛黄
醒脑通脉散,方剂,由···组成,,珍珠
醒脑通脉散,方剂,由···组成,,白花蛇
醒脑通脉散,方剂,由···组成,,玳瑁
醒脑通脉散,方剂,由···组成,,胆南星
醒脑通脉散,方剂,由···组成,,川芎
醒脑通脉散,方剂,由···组成,,白薇
蒲黄,中药材,组成,用量：10-15g,破瘀醒神汤(自拟)
稀莶草,中药材,组成,用量：10-15g,破瘀醒神汤(自拟)
炒水蛭,中药材,组成,用量：10-15g,破瘀醒神汤(自拟)
炮山甲,中药材,组成,,破瘀醒神汤(自拟)
酒大黄,中药材,组成,用量：10-15g,破瘀醒神汤(自拟)
白薇,中药材,组成,,破瘀醒神汤(自拟)
桃仁,中药材,组成,用量：10-15g,破瘀醒神汤(自拟)
西红花,中药材,组成,用量：10-15g,破瘀醒神汤(自拟)
石菖蒲,中药材,组成,用量：10-15g,破瘀醒神汤(自拟)
麝香,中药材,组成,,破瘀醒神汤(自拟)
羚羊角,中药材,组成,,破瘀醒神汤(自拟)
土鳖虫,中药材,组成,用量：5g,破瘀醒神汤(自拟)
破瘀醒神汤(自拟),方剂,由···组成,用量：10-15g,蒲黄
破瘀醒神汤(自拟),方剂,由···组成,用量：10-15g,稀莶草
破瘀醒神汤(自拟),方剂,由···组成,用量：10-15g,炒水蛭
破瘀醒神汤(自拟),方剂,由···组成,,炮山甲
破瘀醒神汤(自拟),方剂,由···组成,用量：10-15g,酒大黄
破瘀醒神汤(自拟),方剂,由···组成,,白薇
破瘀醒神汤(自拟),方剂,由···组成,用量：10-15g,桃仁
破瘀醒神汤(自拟),方剂,由···组成,用量：10-15g,西红花
破瘀醒神汤(自拟),方剂,由···组成,用量：10-15g,石菖蒲
破瘀醒神汤(自拟),方剂,由···组成,,麝香
破瘀醒神汤(自拟),方剂,由···组成,,羚羊角
破瘀醒神汤(自拟),方剂,由···组成,用量：5g,土鳖虫
破瘀醒神汤(自拟),方剂,由···组成,,羚羊角
破瘀醒神汤(自拟),方剂,由···组成,,土鳖虫
何首乌,中药材,组成,用量：30g,益脑丸
黄精,中药材,组成,用量：40g,益脑丸
藏红花,中药材,组成,用量：20g,益脑丸
桑枝,中药材,组成,用量：20g,益脑丸
生地,中药材,组成,用量：30g,益脑丸
天冬,中药材,组成,用量：50g,益脑丸
龟板/阿胶,中药材,组成,用量：30g,益脑丸
泽泻,中药材,组成,用量：15g,益脑丸
三七,中药材,组成,用量：20g,益脑丸
玳瑁,中药材,组成,用量：50g,益脑丸
砂仁,中药材,组成,用量：15g,益脑丸
淡菜,中药材,组成,用量：50g,益脑丸
燕菜,中药材,组成,用量：50g,益脑丸
丹参,中药材,组成,用量：20g,益脑丸
五味子,中药材,组成,用量：15g,益脑丸
益脑丸,中成药,由···组成,,何首乌
益脑丸,中成药,由···组成,,黄精
益脑丸,中成药,由···组成,,西红花
益脑丸,中成药,由···组成,,桑枝
益脑丸,中成药,由···组成,,生地黄
益脑丸,中成药,由···组成,,天冬
益脑丸,中成药,由···组成,,龟板
益脑丸,中成药,由···组成,,泽泻
益脑丸,中成药,由···组成,,三七
益脑丸,中成药,由···组成,,玳瑁
益脑丸,中成药,由···组成,,砂仁
益脑丸,中成药,由···组成,,淡菜
益脑丸,中成药,由···组成,,燕菜
益脑丸,中成药,由···组成,,丹参
益脑丸,中成药,由···组成,,五味子
篦麻仁,中药材,组成,,风瘫贴法
桃枝,中药材,组成,,风瘫贴法
柳枝,中药材,组成,,风瘫贴法
槐枝,中药材,组成,,风瘫贴法
椿枝,中药材,组成,,风瘫贴法
茄根,中药材,组成,,风瘫贴法
风瘫贴法,治则治法,由···组成,,篦麻仁
风瘫贴法,治则治法,由···组成,,桃枝
风瘫贴法,治则治法,由···组成,,柳枝
风瘫贴法,治则治法,由···组成,,槐枝
风瘫贴法,治则治法,由···组成,,椿枝
风瘫贴法,治则治法,由···组成,,茄根
红参,中药材,组成,用量：15g,任继学：经验方1
附子,中药材,组成,用量：10g,任继学：经验方1
龟甲胶,中药材,组成,用量：15g,任继学：经验方1
玳瑁,中药材,组成,用量：15g,任继学：经验方1
山茱萸,中药材,组成,用量：20g,任继学：经验方1
阿胶,中药材,组成,用量：15g,任继学：经验方1
鸡子黄,中药材,组成,用量：1个,任继学：经验方1
胆南星,中药材,组成,用量：5g,任继学：经验方1
任继学：经验方1,方剂,由···组成,,红参
任继学：经验方1,方剂,由···组成,,附子
任继学：经验方1,方剂,由···组成,,龟甲胶
任继学：经验方1,方剂,由···组成,,玳瑁
任继学：经验方1,方剂,由···组成,,山茱萸
任继学：经验方1,方剂,由···组成,,阿胶
任继学：经验方1,方剂,由···组成,,鸡子黄
任继学：经验方1,方剂,由···组成,,胆南星
厚朴,中药材,组成,用量：20g,任继学：经验方2
大黄,中药材,组成,用量：10g,任继学：经验方2
枳实,中药材,组成,用量：10g,任继学：经验方2
羌活,中药材,组成,用量：5g,任继学：经验方2
生蒲黄,中药材,组成,用量：15g,任继学：经验方2
桃仁,中药材,组成,用量：10g,任继学：经验方2
煨皂角,中药材,组成,用量：9g,任继学：经验方2
任继学：经验方2,方剂,由···组成,,厚朴
任继学：经验方2,方剂,由···组成,,大黄
任继学：经验方2,方剂,由···组成,,枳实
任继学：经验方2,方剂,由···组成,,羌活
任继学：经验方2,方剂,由···组成,,生蒲黄
任继学：经验方2,方剂,由···组成,,桃仁
任继学：经验方2,方剂,由···组成,,煨皂角
炒水蛭,中药材,组成,用量：3g,抵挡汤加味
虻虫,中药材,组成,用量：3g,抵挡汤加味
大黄,中药材,组成,用量：9g,抵挡汤加味
桃仁,中药材,组成,用量：10g,抵挡汤加味
石菖蒲,中药材,组成,用量：15g,抵挡汤加味
玳瑁,中药材,组成,用量：10g,抵挡汤加味
羚羊角,中药材,组成,用量：3g,抵挡汤加味
胆南星,中药材,组成,用量：5g,抵挡汤加味
珍珠母,中药材,组成,用量：50g,抵挡汤加味
地龙,中药材,组成,用量：10g,抵挡汤加味
抵挡汤加味,方剂,由···组成,,炒水蛭
抵挡汤加味,方剂,由···组成,,虻虫
抵挡汤加味,方剂,由···组成,,大黄
抵挡汤加味,方剂,由···组成,,桃仁
抵挡汤加味,方剂,由···组成,,石菖蒲
抵挡汤加味,方剂,由···组成,,玳瑁
抵挡汤加味,方剂,由···组成,,羚羊角
抵挡汤加味,方剂,由···组成,,胆南星
抵挡汤加味,方剂,由···组成,,珍珠母
抵挡汤加味,方剂,由···组成,,地龙
至宝丹,方剂,组成,用量：1丸,“至宝丹、苏合香丸、真紫雪散、醒脑健神丹加味”
苏合香丸,方剂,组成,用量：1丸,“至宝丹、苏合香丸、真紫雪散、醒脑健神丹加味”
真紫雪散,方剂,组成,用量：1支,“至宝丹、苏合香丸、真紫雪散、醒脑健神丹加味”
醒脑健神丹,方剂,组成,用量：0.2g,“至宝丹、苏合香丸、真紫雪散、醒脑健神丹加味”
西藏红花,中药材,组成,用量：0.1g,“至宝丹、苏合香丸、真紫雪散、醒脑健神丹加味”
真天然牛黄,中药材,组成,用量：0.1g,“至宝丹、苏合香丸、真紫雪散、醒脑健神丹加味”
血竭粉,中药材,组成,用量：0.1g,“至宝丹、苏合香丸、真紫雪散、醒脑健神丹加味”
琥珀粉,中药材,组成,用量：0.1g,“至宝丹、苏合香丸、真紫雪散、醒脑健神丹加味”
珍珠粉,中药材,组成,用量：0.1g,“至宝丹、苏合香丸、真紫雪散、醒脑健神丹加味”
“至宝丹、苏合香丸、真紫雪散、醒脑健神丹加味”,方剂,由···组成,,至宝丹
“至宝丹、苏合香丸、真紫雪散、醒脑健神丹加味”,方剂,由···组成,,苏合香丸
“至宝丹、苏合香丸、真紫雪散、醒脑健神丹加味”,方剂,由···组成,,真紫雪散
“至宝丹、苏合香丸、真紫雪散、醒脑健神丹加味”,方剂,由···组成,,醒脑健神丹
“至宝丹、苏合香丸、真紫雪散、醒脑健神丹加味”,方剂,由···组成,,西藏红花
“至宝丹、苏合香丸、真紫雪散、醒脑健神丹加味”,方剂,由···组成,,真天然牛黄
“至宝丹、苏合香丸、真紫雪散、醒脑健神丹加味”,方剂,由···组成,,血竭粉
“至宝丹、苏合香丸、真紫雪散、醒脑健神丹加味”,方剂,由···组成,,琥珀粉
“至宝丹、苏合香丸、真紫雪散、醒脑健神丹加味”,方剂,由···组成,,珍珠粉
炒水蛭,中药材,组成,用量：5g,抵挡汤
虻虫,中药材,组成,用量：5g,抵挡汤
桃仁,中药材,组成,用量：10g,抵挡汤
生大黄,中药材,组成,"用法：后下
用量：10g",抵挡汤
抵挡汤,方剂,由···组成,,炒水蛭
抵挡汤,方剂,由···组成,,虻虫
抵挡汤,方剂,由···组成,,桃仁
抵挡汤,方剂,由···组成,,生大黄
生大黄,中药材,有···功效,,通腑泄热
芒硝,中药材,有···功效,,通腑泄热
芦荟,中药材,有···功效,,通腑泄热
火麻仁,中药材,有···功效,,通腑泄热
郁李仁,中药材,有···功效,,通腑泄热
麝香,中药材,有···功效,,开窍
冰片,中药材,有···功效,,开窍
苏合香,中药材,有···功效,,开窍
石菖蒲,中药材,有···功效,,开窍
牙皂角,中药材,有···功效,,开窍
明矾,中药材,有···功效,,开窍
安息香,中药材,有···功效,,开窍
姜汁,中药材,有···功效,,开窍
人参,中药材,有···功效,,固脱
附子,中药材,有···功效,,固脱
羚羊角,中药材,有···功效,,平肝熄风
石决明,中药材,有···功效,,平肝熄风
牡蛎,中药材,有···功效,,平肝熄风
珍珠母,中药材,有···功效,,平肝熄风
玳瑁,中药材,有···功效,,平肝熄风
紫贝齿,中药材,有···功效,,平肝熄风
赭石,中药材,有···功效,,平肝熄风
钩藤,中药材,有···功效,,平肝熄风
天麻,中药材,有···功效,,平肝熄风
决明子,中药材,有···功效,,平肝熄风
全蝎,中药材,有···功效,,平肝熄风
蜈蚣,中药材,有···功效,,平肝熄风
白僵蚕,中药材,有···功效,,平肝熄风
龙骨,中药材,有···功效,,平肝熄风
乳香,中药材,有···功效,,活血化瘀
没药,中药材,有···功效,,活血化瘀
延胡索,中药材,有···功效,,活血化瘀
郁金香,中药材,有···功效,,活血化瘀
姜黄,中药材,有···功效,,活血化瘀
丹参,中药材,有···功效,,活血化瘀
益母草,中药材,有···功效,,活血化瘀
鸡血藤,中药材,有···功效,,活血化瘀
桃仁,中药材,有···功效,,活血化瘀
红花,中药材,有···功效,,活血化瘀
五灵脂,中药材,有···功效,,活血化瘀
牛膝,中药材,有···功效,,活血化瘀
穿山甲,中药材,有···功效,,活血化瘀
降香,中药材,有···功效,,活血化瘀
泽兰,中药材,有···功效,,活血化瘀
刘寄奴,中药材,有···功效,,活血化瘀
苏木,中药材,有···功效,,活血化瘀
水蛭,中药材,有···功效,,活血化瘀
土虫,中药材,有···功效,,活血化瘀
归尾,中药材,有···功效,,活血化瘀
三七,中药材,有···功效,,活血化瘀
蒲黄,中药材,有···功效,,活血化瘀
血竭,中药材,有···功效,,活血化瘀
刺蒺藜,中药材,有···功效,,活血化瘀
酒军,中药材,有···功效,,活血化瘀
童便,中药材,有···功效,,活血化瘀
赤芍,中药材,有···功效,,活血化瘀
地龙,中药材,有···功效,,活血化瘀
半夏,中药材,有···功效,,化痰
天南星,中药材,有···功效,,化痰
胆星,中药材,有···功效,,化痰
白附子,中药材,有···功效,,化痰
白芥子,中药材,有···功效,,化痰
皂荚,中药材,有···功效,,化痰
桔梗,中药材,有···功效,,化痰
旋覆花,中药材,有···功效,,化痰
栝楼仁/瓜蒌仁,中药材,有···功效,,化痰
贝母,中药材,有···功效,,化痰
天竺黄,中药材,有···功效,,化痰
竹茹,中药材,有···功效,,化痰
竹沥,中药材,有···功效,,化痰
海浮石,中药材,有···功效,,化痰
礞石,中药材,有···功效,,化痰
杏仁,中药材,有···功效,,化痰
紫菀,中药材,有···功效,,化痰
桑白皮,中药材,有···功效,,化痰
葶苈子,中药材,有···功效,,化痰
枇杷叶,中药材,有···功效,,化痰
马兜铃,中药材,有···功效,,化痰
栝楼皮,中药材,有···功效,,化痰
梨皮,中药材,有···功效,,化痰
金沸草,中药材,有···功效,,化痰
海蜇头,中药材,有···功效,,化痰
化橘红,中药材,有···功效,,化痰
牛黄,中药材,有···功效,,化痰
煨柿饼,中药材,有···功效,,化痰
橘皮,中药材,有···功效,,理气行气
青皮,中药材,有···功效,,理气行气
枳实,中药材,有···功效,,理气行气
佛手,中药材,有···功效,,理气行气
香附,中药材,有···功效,,理气行气
乌药,中药材,有···功效,,理气行气
川楝子,中药材,有···功效,,理气行气
青木香,中药材,有···功效,,理气行气
檀香,中药材,有···功效,,理气行气
厚朴,中药材,有···功效,,理气行气
槟榔,中药材,有···功效,,理气行气
甘松,中药材,有···功效,,理气行气
娑罗子,中药材,有···功效,,理气行气
九香虫,中药材,有···功效,,理气行气
路路通,中药材,有···功效,,理气行气
川芎,中药材,有···功效,,理气行气
沉香,中药材,有···功效,,降气
柿蒂,中药材,有···功效,,降气
茺蔚子,中药材,有···功效,,降气
苏子,中药材,有···功效,,降气
独活,中药材,有···功效,,祛风通络
威灵仙,中药材,有···功效,,祛风通络
防己,中药材,有···功效,,祛风通络
秦艽,中药材,有···功效,,祛风通络
稀莶草,中药材,有···功效,,祛风通络
梧桐花,中药材,有···功效,,祛风通络
木瓜,中药材,有···功效,,祛风通络
桑枝,中药材,有···功效,,祛风通络
白花蛇,中药材,有···功效,,祛风通络
乌梢蛇,中药材,有···功效,,祛风通络
蚕砂,中药材,有···功效,,祛风通络
松节,中药材,有···功效,,祛风通络
竹节,中药材,有···功效,,祛风通络
杉木节,中药材,有···功效,,祛风通络
络石藤,中药材,有···功效,,舒筋活络
海风藤,中药材,有···功效,,舒筋活络
天仙藤,中药材,有···功效,,舒筋活络
石南藤,中药材,有···功效,,舒筋活络
丝瓜络,中药材,有···功效,,舒筋活络
橘络,中药材,有···功效,,舒筋活络
甜瓜子,中药材,有···功效,,舒筋活络
乜金藤,中药材,有···功效,,舒筋活络
沙参,中药材,有···功效,,养阴
麦冬,中药材,有···功效,,养阴
石斛,中药材,有···功效,,养阴
玉竹,中药材,有···功效,,养阴
黄精,中药材,有···功效,,养阴
百合,中药材,有···功效,,养阴
梨汁,中药材,有···功效,,养阴
女贞子,中药材,有···功效,,养阴
旱莲草,中药材,有···功效,,养阴
生地,中药材,有···功效,,养阴
熟地,中药材,有···功效,,滋阴填精
首乌,中药材,有···功效,,滋阴填精
枸杞子,中药材,有···功效,,滋阴填精
桑椹,中药材,有···功效,,滋阴填精
龟板,中药材,有···功效,,滋阴填精
鱉甲,中药材,有···功效,,滋阴填精
黑芝麻,中药材,有···功效,,滋阴填精
蜂蜜,中药材,有···功效,,滋阴填精
归身,中药材,有···功效,,养血
白芍,中药材,有···功效,,养血
阿胶,中药材,有···功效,,养血
龙眼肉,中药材,有···功效,,养血
人参,中药材,有···功效,,补气
西洋参,中药材,有···功效,,补气
党参,中药材,有···功效,,补气
太子参,中药材,有···功效,,补气
黄芪,中药材,有···功效,,补气
白术,中药材,有···功效,,补气
山药,中药材,有···功效,,补气
扁豆,中药材,有···功效,,补气
甘草,中药材,有···功效,,补气
大枣,中药材,有···功效,,补气
鹿茸,中药材,有···功效,,补阳
鹿角胶,中药材,有···功效,,补阳
鹿角霜,中药材,有···功效,,补阳
巴戟天,中药材,有···功效,,补阳
葫芦巴,中药材,有···功效,,补阳
补骨脂,中药材,有···功效,,补阳
益智仁,中药材,有···功效,,补阳
胡桃肉,中药材,有···功效,,补阳
紫河车,中药材,有···功效,,补阳
菟丝子,中药材,有···功效,,补阳
沙苑子,中药材,有···功效,,补阳
锁阳,中药材,有···功效,,补阳
韭子,中药材,有···功效,,补阳
五加皮,中药材,有···功效,,补肾强筋
虎骨,中药材,有···功效,,补肾强筋
杜仲,中药材,有···功效,,补肾强筋
续断,中药材,有···功效,,补肾强筋 
狗脊,中药材,有···功效,,补肾强筋
骨碎补,中药材,有···功效,,补肾强筋
石膏,中药材,有···功效,,甘寒清热
芦根,中药材,有···功效,,甘寒清热
花粉,中药材,有···功效,,甘寒清热
栀子,中药材,有···功效,,泻火
夏枯草,中药材,有···功效,,泻火
牛蒡子,中药材,有···功效,,泻火
黄芩,中药材,有···功效,,泻火
黄连,中药材,有···功效,,泻火
黄柏,中药材,有···功效,,泻火
胆草,中药材,有···功效,,泻火
犀角,中药材,有···功效,,清热凉血
牡丹皮,中药材,有···功效,,清热凉血
银花,中药材,有···功效,,清热解毒
连翘,中药材,有···功效,,清热解毒
青黛,中药材,有···功效,,清热解毒
蚤休,中药材,有···功效,,清热解毒
射干,中药材,有···功效,,清热解毒
豆根,中药材,有···功效,,清热解毒
马勃,中药材,有···功效,,清热解毒
白鲜皮,中药材,有···功效,,清热解毒
漏芦,中药材,有···功效,,清热解毒
绿豆,中药材,有···功效,,清热解毒
雄黄,中药材,有···功效,,清热解毒
松香,中药材,有···功效,,清热解毒
忍冬花,中药材,有···功效,,清热解毒
朱砂,中药材,有···功效,,安神
磁石,中药材,有···功效,,安神
龙骨,中药材,有···功效,,安神
琥珀,中药材,有···功效,,安神
酸枣仁,中药材,有···功效,,安神
柏子仁,中药材,有···功效,,安神
远志,中药材,有···功效,,安神
合欢皮,中药材,有···功效,,安神
五味子,中药材,有···功效,,安神
金箔,中药材,有···功效,,安神
银箔,中药材,有···功效,,安神
苍术,中药材,有···功效,,芳香化湿
藿香,中药材,有···功效,,芳香化湿
砂仁,中药材,有···功效,,芳香化湿
白蔻,中药材,有···功效,,芳香化湿
草果仁,中药材,有···功效,,芳香化湿
茯苓,中药材,有···功效,,利水渗湿
泽泻,中药材,有···功效,,利水渗湿
薏米,中药材,有···功效,,利水渗湿
滑石,中药材,有···功效,,利水渗湿
萆薢,中药材,有···功效,,利水渗湿
地肤子,中药材,有···功效,,利水渗湿
灯心草,中药材,有···功效,,利水渗湿
冬瓜皮,中药材,有···功效,,利水渗湿
冬瓜子,中药材,有···功效,,利水渗湿
车前子,中药材,有···功效,,利水渗湿
神曲,中药材,有···功效,,消食
麦芽,中药材,有···功效,,消食
谷芽,中药材,有···功效,,消食
莱菔子,中药材,有···功效,,消食
鸡内金,中药材,有···功效,,消食
稻芽,中药材,有···功效,,消食
炒秫米,中药材,有···功效,,消食
瓜蒂,中药材,有···功效,,涌吐
淡盐水,中药材,有···功效,,涌吐
藜芦,中药材,有···功效,,涌吐
槐花,中药材,有···功效,,止血
艾叶,中药材,有···功效,,止血
藕节,中药材,有···功效,,止血
侧柏叶,中药材,有···功效,,止血
仙鹤草,中药材,有···功效,,止血
附子,中药材,有···功效,,温中
肉桂,中药材,有···功效,,温中
干姜,中药材,有···功效,,温中
吴茱萸,中药材,有···功效,,温中
瞿麦,中药材,有···功效,,温中
丁香,中药材,有···功效,,温中
麻黄,中药材,有···功效,,疏风解表
桂枝,中药材,有···功效,,疏风解表
紫苏,中药材,有···功效,,疏风解表
荆芥,中药材,有···功效,,疏风解表
防风,中药材,有···功效,,疏风解表
白芷,中药材,有···功效,,疏风解表
苍耳子,中药材,有···功效,,疏风解表
辛夷,中药材,有···功效,,疏风解表
葱白,中药材,有···功效,,疏风解表
薄荷,中药材,有···功效,,疏风解表
蝉蜕,中药材,有···功效,,疏风解表
豆豉,中药材,有···功效,,疏风解表
桑叶,中药材,有···功效,,疏风解表
蔓荆子,中药材,有···功效,,疏风解表
葛根,中药材,有···功效,,疏风解表
浮萍,中药材,有···功效,,疏风解表
通腑泄热,功效,是···的功效,,生大黄
通腑泄热,功效,是···的功效,,芒硝
通腑泄热,功效,是···的功效,,芦荟
通腑泄热,功效,是···的功效,,火麻仁
通腑泄热,功效,是···的功效,,郁李仁
开窍,功效,是···的功效,,麝香
开窍,功效,是···的功效,,冰片
开窍,功效,是···的功效,,苏合香
开窍,功效,是···的功效,,石菖蒲
开窍,功效,是···的功效,,牙皂角
开窍,功效,是···的功效,,明矾
开窍,功效,是···的功效,,安息香
开窍,功效,是···的功效,,姜汁
固脱,功效,是···的功效,,人参
固脱,功效,是···的功效,,附子
平肝熄风,功效,是···的功效,,羚羊角
平肝熄风,功效,是···的功效,,石决明
平肝熄风,功效,是···的功效,,牡蛎
平肝熄风,功效,是···的功效,,珍珠母
平肝熄风,功效,是···的功效,,玳瑁
平肝熄风,功效,是···的功效,,紫贝齿
平肝熄风,功效,是···的功效,,赭石
平肝熄风,功效,是···的功效,,钩藤
平肝熄风,功效,是···的功效,,天麻
平肝熄风,功效,是···的功效,,决明子
平肝熄风,功效,是···的功效,,全蝎
平肝熄风,功效,是···的功效,,蜈蚣
平肝熄风,功效,是···的功效,,白僵蚕
平肝熄风,功效,是···的功效,,龙骨
活血化瘀,功效,是···的功效,,乳香
活血化瘀,功效,是···的功效,,没药
活血化瘀,功效,是···的功效,,延胡索
活血化瘀,功效,是···的功效,,郁金香
活血化瘀,功效,是···的功效,,姜黄
活血化瘀,功效,是···的功效,,丹参
活血化瘀,功效,是···的功效,,益母草
活血化瘀,功效,是···的功效,,鸡血藤
活血化瘀,功效,是···的功效,,桃仁
活血化瘀,功效,是···的功效,,红花
活血化瘀,功效,是···的功效,,五灵脂
活血化瘀,功效,是···的功效,,牛膝
活血化瘀,功效,是···的功效,,穿山甲
活血化瘀,功效,是···的功效,,降香
活血化瘀,功效,是···的功效,,泽兰
活血化瘀,功效,是···的功效,,刘寄奴
活血化瘀,功效,是···的功效,,苏木
活血化瘀,功效,是···的功效,,水蛭
活血化瘀,功效,是···的功效,,土虫
活血化瘀,功效,是···的功效,,归尾
活血化瘀,功效,是···的功效,,三七
活血化瘀,功效,是···的功效,,蒲黄
活血化瘀,功效,是···的功效,,血竭
活血化瘀,功效,是···的功效,,刺蒺藜
活血化瘀,功效,是···的功效,,酒军
活血化瘀,功效,是···的功效,,童便
活血化瘀,功效,是···的功效,,赤芍
活血化瘀,功效,是···的功效,,地龙
化痰,功效,是···的功效,,半夏
化痰,功效,是···的功效,,天南星
化痰,功效,是···的功效,,胆星
化痰,功效,是···的功效,,白附子
化痰,功效,是···的功效,,白芥子
化痰,功效,是···的功效,,皂荚
化痰,功效,是···的功效,,桔梗
化痰,功效,是···的功效,,旋覆花
化痰,功效,是···的功效,,栝楼仁/瓜蒌仁
化痰,功效,是···的功效,,贝母
化痰,功效,是···的功效,,天竺黄
化痰,功效,是···的功效,,竹茹
化痰,功效,是···的功效,,竹沥
化痰,功效,是···的功效,,海浮石
化痰,功效,是···的功效,,礞石
化痰,功效,是···的功效,,杏仁
化痰,功效,是···的功效,,紫菀
化痰,功效,是···的功效,,桑白皮
化痰,功效,是···的功效,,葶苈子
化痰,功效,是···的功效,,枇杷叶
化痰,功效,是···的功效,,马兜铃
化痰,功效,是···的功效,,栝楼皮
化痰,功效,是···的功效,,梨皮
化痰,功效,是···的功效,,金沸草
化痰,功效,是···的功效,,海蜇头
化痰,功效,是···的功效,,化橘红
化痰,功效,是···的功效,,牛黄
化痰,功效,是···的功效,,煨柿饼
理气行气,功效,是···的功效,,橘皮
理气行气,功效,是···的功效,,青皮
理气行气,功效,是···的功效,,枳实
理气行气,功效,是···的功效,,佛手
理气行气,功效,是···的功效,,香附
理气行气,功效,是···的功效,,乌药
理气行气,功效,是···的功效,,川楝子
理气行气,功效,是···的功效,,青木香
理气行气,功效,是···的功效,,檀香
理气行气,功效,是···的功效,,厚朴
理气行气,功效,是···的功效,,槟榔
理气行气,功效,是···的功效,,甘松
理气行气,功效,是···的功效,,娑罗子
理气行气,功效,是···的功效,,九香虫
理气行气,功效,是···的功效,,路路通
理气行气,功效,是···的功效,,川芎
降气,功效,是···的功效,,沉香
降气,功效,是···的功效,,柿蒂
降气,功效,是···的功效,,茺蔚子
降气,功效,是···的功效,,苏子
祛风通络,功效,是···的功效,,独活
祛风通络,功效,是···的功效,,威灵仙
祛风通络,功效,是···的功效,,防己
祛风通络,功效,是···的功效,,秦艽
祛风通络,功效,是···的功效,,稀莶草
祛风通络,功效,是···的功效,,梧桐花
祛风通络,功效,是···的功效,,木瓜
祛风通络,功效,是···的功效,,桑枝
祛风通络,功效,是···的功效,,白花蛇
祛风通络,功效,是···的功效,,乌梢蛇
祛风通络,功效,是···的功效,,蚕砂
祛风通络,功效,是···的功效,,松节
祛风通络,功效,是···的功效,,竹节
祛风通络,功效,是···的功效,,杉木节
舒筋活络,功效,是···的功效,,络石藤
舒筋活络,功效,是···的功效,,海风藤
舒筋活络,功效,是···的功效,,天仙藤
舒筋活络,功效,是···的功效,,石南藤
舒筋活络,功效,是···的功效,,丝瓜络
舒筋活络,功效,是···的功效,,橘络
舒筋活络,功效,是···的功效,,甜瓜子
舒筋活络,功效,是···的功效,,乜金藤
养阴,功效,是···的功效,,沙参
养阴,功效,是···的功效,,麦冬
养阴,功效,是···的功效,,石斛
养阴,功效,是···的功效,,玉竹
养阴,功效,是···的功效,,黄精
养阴,功效,是···的功效,,百合
养阴,功效,是···的功效,,梨汁
养阴,功效,是···的功效,,女贞子
养阴,功效,是···的功效,,旱莲草
养阴,功效,是···的功效,,生地
滋阴填精,功效,是···的功效,,熟地
滋阴填精,功效,是···的功效,,首乌
滋阴填精,功效,是···的功效,,枸杞子
滋阴填精,功效,是···的功效,,桑椹
滋阴填精,功效,是···的功效,,龟板
滋阴填精,功效,是···的功效,,鱉甲
滋阴填精,功效,是···的功效,,黑芝麻
滋阴填精,功效,是···的功效,,蜂蜜
养血,功效,是···的功效,,归身
养血,功效,是···的功效,,白芍
养血,功效,是···的功效,,阿胶
养血,功效,是···的功效,,龙眼肉
补气,功效,是···的功效,,人参
补气,功效,是···的功效,,西洋参
补气,功效,是···的功效,,党参
补气,功效,是···的功效,,太子参
补气,功效,是···的功效,,黄芪
补气,功效,是···的功效,,白术
补气,功效,是···的功效,,山药
补气,功效,是···的功效,,扁豆
补气,功效,是···的功效,,甘草
补气,功效,是···的功效,,大枣
补阳,功效,是···的功效,,鹿茸
补阳,功效,是···的功效,,鹿角胶
补阳,功效,是···的功效,,鹿角霜
补阳,功效,是···的功效,,巴戟天
补阳,功效,是···的功效,,葫芦巴
补阳,功效,是···的功效,,补骨脂
补阳,功效,是···的功效,,益智仁
补阳,功效,是···的功效,,胡桃肉
补阳,功效,是···的功效,,紫河车
补阳,功效,是···的功效,,菟丝子
补阳,功效,是···的功效,,沙苑子
补阳,功效,是···的功效,,锁阳
补阳,功效,是···的功效,,韭子
补肾强筋,功效,是···的功效,,五加皮
补肾强筋,功效,是···的功效,,虎骨
补肾强筋,功效,是···的功效,,杜仲
补肾强筋 ,功效,是···的功效,,续断
补肾强筋,功效,是···的功效,,狗脊
补肾强筋,功效,是···的功效,,骨碎补
甘寒清热,功效,是···的功效,,石膏
甘寒清热,功效,是···的功效,,芦根
甘寒清热,功效,是···的功效,,花粉
泻火,功效,是···的功效,,栀子
泻火,功效,是···的功效,,夏枯草
泻火,功效,是···的功效,,牛蒡子
泻火,功效,是···的功效,,黄芩
泻火,功效,是···的功效,,黄连
泻火,功效,是···的功效,,黄柏
泻火,功效,是···的功效,,胆草
清热凉血,功效,是···的功效,,犀角
清热凉血,功效,是···的功效,,牡丹皮
清热解毒,功效,是···的功效,,银花
清热解毒,功效,是···的功效,,连翘
清热解毒,功效,是···的功效,,青黛
清热解毒,功效,是···的功效,,蚤休
清热解毒,功效,是···的功效,,射干
清热解毒,功效,是···的功效,,豆根
清热解毒,功效,是···的功效,,马勃
清热解毒,功效,是···的功效,,白鲜皮
清热解毒,功效,是···的功效,,漏芦
清热解毒,功效,是···的功效,,绿豆
清热解毒,功效,是···的功效,,雄黄
清热解毒,功效,是···的功效,,松香
清热解毒,功效,是···的功效,,忍冬花
安神,功效,是···的功效,,朱砂
安神,功效,是···的功效,,磁石
安神,功效,是···的功效,,龙骨
安神,功效,是···的功效,,琥珀
安神,功效,是···的功效,,酸枣仁
安神,功效,是···的功效,,柏子仁
安神,功效,是···的功效,,远志
安神,功效,是···的功效,,合欢皮
安神,功效,是···的功效,,五味子
安神,功效,是···的功效,,金箔
安神,功效,是···的功效,,银箔
芳香化湿,功效,是···的功效,,苍术
芳香化湿,功效,是···的功效,,藿香
芳香化湿,功效,是···的功效,,砂仁
芳香化湿,功效,是···的功效,,白蔻
芳香化湿,功效,是···的功效,,草果仁
利水渗湿,功效,是···的功效,,茯苓
利水渗湿,功效,是···的功效,,泽泻
利水渗湿,功效,是···的功效,,薏米
利水渗湿,功效,是···的功效,,滑石
利水渗湿,功效,是···的功效,,萆薢
利水渗湿,功效,是···的功效,,地肤子
利水渗湿,功效,是···的功效,,灯心草
利水渗湿,功效,是···的功效,,冬瓜皮
利水渗湿,功效,是···的功效,,冬瓜子
利水渗湿,功效,是···的功效,,车前子
消食,功效,是···的功效,,神曲
消食,功效,是···的功效,,麦芽
消食,功效,是···的功效,,谷芽
消食,功效,是···的功效,,莱菔子
消食,功效,是···的功效,,鸡内金
消食,功效,是···的功效,,稻芽
消食,功效,是···的功效,,炒秫米
涌吐,功效,是···的功效,,瓜蒂
涌吐,功效,是···的功效,,淡盐水
涌吐,功效,是···的功效,,藜芦
止血,功效,是···的功效,,槐花
止血,功效,是···的功效,,艾叶
止血,功效,是···的功效,,藕节
止血,功效,是···的功效,,侧柏叶
止血,功效,是···的功效,,仙鹤草
温中,功效,是···的功效,,附子
温中,功效,是···的功效,,肉桂
温中,功效,是···的功效,,干姜
温中,功效,是···的功效,,吴茱萸
温中,功效,是···的功效,,瞿麦
温中,功效,是···的功效,,丁香
疏风解表,功效,是···的功效,,麻黄
疏风解表,功效,是···的功效,,桂枝
疏风解表,功效,是···的功效,,紫苏
疏风解表,功效,是···的功效,,荆芥
疏风解表,功效,是···的功效,,防风
疏风解表,功效,是···的功效,,白芷
疏风解表,功效,是···的功效,,苍耳子
疏风解表,功效,是···的功效,,辛夷
疏风解表,功效,是···的功效,,葱白
疏风解表,功效,是···的功效,,薄荷
疏风解表,功效,是···的功效,,蝉蜕
疏风解表,功效,是···的功效,,豆豉
疏风解表,功效,是···的功效,,桑叶
疏风解表,功效,是···的功效,,蔓荆子
疏风解表,功效,是···的功效,,葛根
疏风解表,功效,是···的功效,,浮萍
中风,疾病,分期,成立条件：发病28天内,急性期
中风,疾病,分期,成立条件：急性期治疗后到第六个月,恢复期
中风,疾病,分期,成立条件：发病6个月后,后遗症期
中风,疾病,分类,依据：瘀血病生于脑髓，血脉痹塞，经络空虚，或某些细络阻厥,缺血性中风
中风,疾病,分类,依据：脑髓失养，血脉受损，病变多刚少柔，脉膜脆而不坚，经气内收，气血邪气暴张，络伤脉裂，血渗溢脑髓,出血性中风
中风,疾病,分型,,中经络
中风,疾病,分型,,中脏腑
中风,疾病,先兆疾病是,,小中风
中风,疾病,复发疾病是,,复中风
中风,疾病,辨证分型,,虚气流滞
中风,疾病,辨证分型,,气实而滞
中风,疾病,辨证分型,,心脾双虚者
中风,疾病,辨证分型,,络塞血瘀证
中风,疾病,辨证分型,,瘀塞经络证
中风,疾病,辨证分型,,风痰热盛证
中风,疾病,辨证分型,,络损血溢证
中风,疾病,辨证分型,,阳闭证
中风,疾病,辨证分型,,阴闭证
中风,疾病,辨证分型,,昏脱证
中风,疾病,辨证分型,,闭证
中风,疾病,辨证分型,,脱证
中风,疾病,辨证分型,,痰饮
中风,疾病,辨证分型,,风阳上冒证
中风,疾病,辨证分型,,外闭内脱证
（补阳还五汤加苏木、土鳖虫、稀莶草）,方剂,有···功效,,除邪
任继学：经验方1,方剂,有···功效,,阴阳双补
任继学：经验方1,方剂,有···功效,,固脱救逆
任继学：经验方2,方剂,有···功效,,通腑泄热
任继学：经验方2,方剂,有···功效,,通络化瘀
破瘀醒神汤(自拟),方剂,有···功效,,破血化瘀
破瘀醒神汤(自拟),方剂,有···功效,,泄热醒神
破瘀醒神汤(自拟),方剂,有···功效,,豁痰开窍
理气反正散(自拟),方剂,有···功效,,理气降逆
活络化浊散(自拟),方剂,有···功效,,化痰降浊
活络化浊散(自拟),方剂,有···功效,,活血通络
抵挡汤加味,方剂,有···功效,,逐瘀
抵挡汤加味,方剂,有···功效,,熄风
抵挡汤加味,方剂,有···功效,,通络
抵挡汤加味,方剂,有···功效,,开窍醒神
“至宝丹、苏合香丸、真紫雪散、醒脑健神丹加味”,方剂,有···功效,,泻热醒神
“至宝丹、苏合香丸、真紫雪散、醒脑健神丹加味”,方剂,有···功效,,豁痰开窍
中风回语胶囊,中成药,有···功效,,清热化瘀
中风回语胶囊,中成药,有···功效,,涤痰宜窍
中风回语胶囊,中成药,有···功效,,透脑清神
中风回语胶囊,中成药,有···功效,,启神机
两救固脱饮(自拟),方剂,有···功效,,摄纳真阴
两救固脱饮(自拟),方剂,有···功效,,固护元气
丹参,中药材,有···功效,,养血活血
丹参,中药材,有···功效,,祛宿血
丹参,中药材,有···功效,,生新血
水蛭,中药材,有···功效,,平逐恶血瘀血
水蛭,中药材,有···功效,,破血瘀积聚
水蛭,中药材,有···功效,,利水道
除邪,功效,是···的功效,,（补阳还五汤加苏木、土鳖虫、稀莶草）
阴阳双补,功效,是···的功效,,任继学：经验方1
固脱救逆,功效,是···的功效,,任继学：经验方1
通腑泄热,功效,是···的功效,,任继学：经验方2
通络化瘀,功效,是···的功效,,任继学：经验方2
破血化瘀,功效,是···的功效,,破瘀醒神汤(自拟)
泄热醒神,功效,是···的功效,,破瘀醒神汤(自拟)
豁痰开窍,功效,是···的功效,,破瘀醒神汤(自拟)
理气降逆,功效,是···的功效,,理气反正散(自拟)
化痰降浊,功效,是···的功效,,活络化浊散(自拟)
活血通络,功效,是···的功效,,活络化浊散(自拟)
逐瘀,功效,是···的功效,,抵挡汤加味
熄风,功效,是···的功效,,抵挡汤加味
通络,功效,是···的功效,,抵挡汤加味
开窍醒神,功效,是···的功效,,抵挡汤加味
泻热醒神,功效,是···的功效,,“至宝丹、苏合香丸、真紫雪散、醒脑健神丹加味”
豁痰开窍,功效,是···的功效,,“至宝丹、苏合香丸、真紫雪散、醒脑健神丹加味”
清热化瘀,功效,是···的功效,,中风回语胶囊
涤痰宜窍,功效,是···的功效,,中风回语胶囊
透脑清神,功效,是···的功效,,中风回语胶囊
启神机,功效,是···的功效,,中风回语胶囊
摄纳真阴,功效,是···的功效,,两救固脱饮(自拟)
固护元气,功效,是···的功效,,两救固脱饮(自拟)
养血活血,功效,是···的功效,,丹参
祛宿血,功效,是···的功效,,丹参
生新血,功效,是···的功效,,丹参
平逐恶血瘀血,功效,是···的功效,,水蛭
破血瘀积聚,功效,是···的功效,,水蛭
利水道,功效,是···的功效,,水蛭
任继学：经验方1,方剂,适应症,,脱证
任继学：经验方2,方剂,适应症,,急性期
任继学：经验方2,方剂,适应症,,大便闭
破瘀醒神汤(自拟),方剂,适应症,,急性期
理气反正散(自拟),方剂,适应症,,中风
活络化浊散(自拟),方剂,适应症,,后遗症期
“至宝丹、苏合香丸、真紫雪散、醒脑健神丹加味”,方剂,适应症,,急性期
醒脑健神胶囊,方剂,适应症,,缺血性中风
醒脑健神胶囊,方剂,适应症,,出血性中风
醒脑健神胶囊,方剂,适应症,,口舌歪斜
醒脑健神胶囊,方剂,适应症,,半身不遂
中风脑得平,中成药,适应症,,出血性中风
中风脑得平,中成药,适应症,,半身不遂
中风脑得平,中成药,适应症,,肢体麻木
中风回语胶囊,方剂,适应症,,失语
两救固脱饮(自拟),方剂,适应症,,脑梗死
两救固脱饮(自拟),方剂,适应症,,脱证
水蛭,中药材,适应症,,脑出血
水蛭,中药材,适应症,,心肌梗死
水蛭,中药材,适应症,,哮喘
水蛭,中药材,适应症,,面色晦暗
水蛭,中药材,适应症,,舌质隐青
水蛭,中药材,适应症,,舌质瘀点
水蛭,中药材,适应症,,舌质瘀斑
水蛭,中药材,适应症,,脉涩
大黄,中药材,适应症,,脑出血
大黄,中药材,适应症,,脑血栓
大黄,中药材,适应症,,肺内感染
大黄,中药材,适应症,,习惯性便秘
大黄,中药材,适应症,,舌质红
大黄,中药材,适应症,,舌质隐青
大黄,中药材,适应症,,舌苔厚
大黄,中药材,适应症,,舌苔白
大黄,中药材,适应症,,舌苔黄燥
大黄,中药材,适应症,,舌苔燥
大黄,中药材,适应症,,脉实有力
抵挡汤,方剂,适应症,,脑出血
抵挡汤,方剂,适应症,,前列腺增生
抵挡汤,方剂,适应症,,硬脑膜下血肿
抵挡汤,方剂,适应症,,舌质紫暗
抵挡汤,方剂,适应症,,舌质瘀点
抵挡汤,方剂,适应症,,舌质瘀斑
抵挡汤,方剂,适应症,,脉涩
脱证,证候,适用药,,任继学：经验方1
急性期,疾病分期,适用药,,任继学：经验方2
大便闭,症状体征,适用药,,任继学：经验方2
急性期,疾病分期,适用药,,破瘀醒神汤(自拟)
中风,疾病,适用药,,理气反正散(自拟)
后遗症期,疾病分期,适用药,,活络化浊散(自拟)
急性期,疾病分期,适用药,,“至宝丹、苏合香丸、真紫雪散、醒脑健神丹加味”
缺血性中风,疾病,适用药,,醒脑健神胶囊
出血性中风,疾病,适用药,,醒脑健神胶囊
口舌歪斜,症状体征,适用药,,醒脑健神胶囊
半身不遂,症状体征,适用药,,醒脑健神胶囊
出血性中风,疾病,适用药,,中风脑得平
半身不遂,症状体征,适用药,,中风脑得平
肢体麻木,症状体征,适用药,,中风脑得平
失语,症状体征,适用药,,中风回语胶囊
脑梗死,疾病,适用药,,两救固脱饮(自拟)
脱证,证候,适用药,,两救固脱饮(自拟)
脑出血,疾病,适用药,,水蛭
心肌梗死,疾病,适用药,,水蛭
哮喘,疾病,适用药,,水蛭
面色晦暗,症状体征,适用药,,水蛭
舌质隐青,症状体征,适用药,,水蛭
舌质瘀点,症状体征,适用药,,水蛭
舌质瘀斑,症状体征,适用药,,水蛭
脉涩,症状体征,适用药,,水蛭
脑出血,疾病,适用药,,大黄
脑血栓,疾病,适用药,,大黄
肺内感染,疾病,适用药,,大黄
习惯性便秘,症状体征,适用药,,大黄
舌质红,症状体征,适用药,,大黄
舌质隐青,症状体征,适用药,,大黄
舌苔厚,症状体征,适用药,,大黄
舌苔白,症状体征,适用药,,大黄
舌苔黄燥,症状体征,适用药,,大黄
舌苔燥,症状体征,适用药,,大黄
脉实有力,症状体征,适用药,,大黄
脑出血,疾病,适用药,,抵挡汤
前列腺增生,疾病,适用药,,抵挡汤
硬脑膜下血肿,疾病,适用药,,抵挡汤
舌质紫暗,症状体征,适用药,,抵挡汤
舌质瘀点,症状体征,适用药,,抵挡汤
舌质瘀斑,症状体征,适用药,,抵挡汤
脉涩,症状体征,适用药,,抵挡汤
生蒲黄,中药材,组成,,（三化汤加生蒲黄、桃仁、煨皂角）
桃仁,中药材,组成,,（三化汤加生蒲黄、桃仁、煨皂角）
煨皂角,中药材,组成,,（三化汤加生蒲黄、桃仁、煨皂角）
（三化汤加生蒲黄、桃仁、煨皂角）,方剂,由···组成,,生蒲黄
（三化汤加生蒲黄、桃仁、煨皂角）,方剂,由···组成,,桃仁
（三化汤加生蒲黄、桃仁、煨皂角）,方剂,由···组成,,煨皂角
大米,中药材,组成,用量：30g,汤剂（大米30g、生晒参5g、西洋参5g）
生晒参,中药材,组成,用量：5g,汤剂（大米30g、生晒参5g、西洋参6g）
西洋参,中药材,组成,用量：5g,汤剂（大米30g、生晒参5g、西洋参7g）
汤剂（大米30g、生晒参5g、西洋参5g）,方剂,由···组成,,大米
汤剂（大米30g、生晒参5g、西洋参5g）,方剂,由···组成,,生晒参
汤剂（大米30g、生晒参5g、西洋参5g）,方剂,由···组成,,西洋参
川贝母,中药材,组成,,汤剂（川贝母、郁金、胆南星、石菖蒲、天竺黄、黄连）
郁金,中药材,组成,,汤剂（川贝母、郁金、胆南星、石菖蒲、天竺黄、黄连）
胆南星,中药材,组成,,汤剂（川贝母、郁金、胆南星、石菖蒲、天竺黄、黄连）
石菖蒲,中药材,组成,,汤剂（川贝母、郁金、胆南星、石菖蒲、天竺黄、黄连）
天竺黄,中药材,组成,,汤剂（川贝母、郁金、胆南星、石菖蒲、天竺黄、黄连）
黄连,中药材,组成,,汤剂（川贝母、郁金、胆南星、石菖蒲、天竺黄、黄连）
汤剂（川贝母、郁金、胆南星、石菖蒲、天竺黄、黄连）,方剂,由···组成,,川贝母
汤剂（川贝母、郁金、胆南星、石菖蒲、天竺黄、黄连）,方剂,由···组成,,郁金
汤剂（川贝母、郁金、胆南星、石菖蒲、天竺黄、黄连）,方剂,由···组成,,胆南星
汤剂（川贝母、郁金、胆南星、石菖蒲、天竺黄、黄连）,方剂,由···组成,,石菖蒲
汤剂（川贝母、郁金、胆南星、石菖蒲、天竺黄、黄连）,方剂,由···组成,,天竺黄
汤剂（川贝母、郁金、胆南星、石菖蒲、天竺黄、黄连）,方剂,由···组成,,黄连
羚羊角,中药材,组成,,汤剂（羚羊角、酒军、厚朴、积实、炒水蛭、虻虫、白薇、羌活、蒲黄水）
酒军,中药材,组成,,汤剂（羚羊角、酒军、厚朴、积实、炒水蛭、虻虫、白薇、羌活、蒲黄水）
厚朴,中药材,组成,,汤剂（羚羊角、酒军、厚朴、积实、炒水蛭、虻虫、白薇、羌活、蒲黄水）
枳实,中药材,组成,,汤剂（羚羊角、酒军、厚朴、积实、炒水蛭、虻虫、白薇、羌活、蒲黄水）
炒水蛭,中药材,组成,,汤剂（羚羊角、酒军、厚朴、积实、炒水蛭、虻虫、白薇、羌活、蒲黄水）
虻虫,中药材,组成,,汤剂（羚羊角、酒军、厚朴、积实、炒水蛭、虻虫、白薇、羌活、蒲黄水）
白薇,中药材,组成,,汤剂（羚羊角、酒军、厚朴、积实、炒水蛭、虻虫、白薇、羌活、蒲黄水）
羌活,中药材,组成,,汤剂（羚羊角、酒军、厚朴、积实、炒水蛭、虻虫、白薇、羌活、蒲黄水）
蒲黄水,中药材,组成,,汤剂（羚羊角、酒军、厚朴、积实、炒水蛭、虻虫、白薇、羌活、蒲黄水）
汤剂（羚羊角、酒军、厚朴、积实、炒水蛭、虻虫、白薇、羌活、蒲黄水）,方剂,由···组成,,羚羊角
汤剂（羚羊角、酒军、厚朴、积实、炒水蛭、虻虫、白薇、羌活、蒲黄水）,方剂,由···组成,,酒军
汤剂（羚羊角、酒军、厚朴、积实、炒水蛭、虻虫、白薇、羌活、蒲黄水）,方剂,由···组成,,厚朴
汤剂（羚羊角、酒军、厚朴、积实、炒水蛭、虻虫、白薇、羌活、蒲黄水）,方剂,由···组成,,枳实
汤剂（羚羊角、酒军、厚朴、积实、炒水蛭、虻虫、白薇、羌活、蒲黄水）,方剂,由···组成,,炒水蛭
汤剂（羚羊角、酒军、厚朴、积实、炒水蛭、虻虫、白薇、羌活、蒲黄水）,方剂,由···组成,,虻虫
汤剂（羚羊角、酒军、厚朴、积实、炒水蛭、虻虫、白薇、羌活、蒲黄水）,方剂,由···组成,,白薇
汤剂（羚羊角、酒军、厚朴、积实、炒水蛭、虻虫、白薇、羌活、蒲黄水）,方剂,由···组成,,羌活
汤剂（羚羊角、酒军、厚朴、积实、炒水蛭、虻虫、白薇、羌活、蒲黄水）,方剂,由···组成,,蒲黄水
羚羊角,中药材,组成,,汤药（羚羊角、郁金、白薇、石菖蒲、炒水蛭、虻虫、蒲黄、黄连、生地、川芎、稀莶草）
郁金,中药材,组成,,汤药（羚羊角、郁金、白薇、石菖蒲、炒水蛭、虻虫、蒲黄、黄连、生地、川芎、稀莶草）
白薇,中药材,组成,,汤药（羚羊角、郁金、白薇、石菖蒲、炒水蛭、虻虫、蒲黄、黄连、生地、川芎、稀莶草）
石菖蒲,中药材,组成,,汤药（羚羊角、郁金、白薇、石菖蒲、炒水蛭、虻虫、蒲黄、黄连、生地、川芎、稀莶草）
炒水蛭,中药材,组成,,汤药（羚羊角、郁金、白薇、石菖蒲、炒水蛭、虻虫、蒲黄、黄连、生地、川芎、稀莶草）
虻虫,中药材,组成,,汤药（羚羊角、郁金、白薇、石菖蒲、炒水蛭、虻虫、蒲黄、黄连、生地、川芎、稀莶草）
黄连,中药材,组成,,汤药（羚羊角、郁金、白薇、石菖蒲、炒水蛭、虻虫、蒲黄、黄连、生地、川芎、稀莶草）
生地,中药材,组成,,汤药（羚羊角、郁金、白薇、石菖蒲、炒水蛭、虻虫、蒲黄、黄连、生地、川芎、稀莶草）
川芎,中药材,组成,,汤药（羚羊角、郁金、白薇、石菖蒲、炒水蛭、虻虫、蒲黄、黄连、生地、川芎、稀莶草）
稀莶草,中药材,组成,,汤药（羚羊角、郁金、白薇、石菖蒲、炒水蛭、虻虫、蒲黄、黄连、生地、川芎、稀莶草）
汤药（羚羊角、郁金、白薇、石菖蒲、炒水蛭、虻虫、蒲黄、黄连、生地、川芎、稀莶草）,方剂,由···组成,,羚羊角
汤药（羚羊角、郁金、白薇、石菖蒲、炒水蛭、虻虫、蒲黄、黄连、生地、川芎、稀莶草）,方剂,由···组成,,郁金
汤药（羚羊角、郁金、白薇、石菖蒲、炒水蛭、虻虫、蒲黄、黄连、生地、川芎、稀莶草）,方剂,由···组成,,白薇
汤药（羚羊角、郁金、白薇、石菖蒲、炒水蛭、虻虫、蒲黄、黄连、生地、川芎、稀莶草）,方剂,由···组成,,石菖蒲
汤药（羚羊角、郁金、白薇、石菖蒲、炒水蛭、虻虫、蒲黄、黄连、生地、川芎、稀莶草）,方剂,由···组成,,炒水蛭
汤药（羚羊角、郁金、白薇、石菖蒲、炒水蛭、虻虫、蒲黄、黄连、生地、川芎、稀莶草）,方剂,由···组成,,虻虫
汤药（羚羊角、郁金、白薇、石菖蒲、炒水蛭、虻虫、蒲黄、黄连、生地、川芎、稀莶草）,方剂,由···组成,,黄连
汤药（羚羊角、郁金、白薇、石菖蒲、炒水蛭、虻虫、蒲黄、黄连、生地、川芎、稀莶草）,方剂,由···组成,,生地
汤药（羚羊角、郁金、白薇、石菖蒲、炒水蛭、虻虫、蒲黄、黄连、生地、川芎、稀莶草）,方剂,由···组成,,川芎
汤药（羚羊角、郁金、白薇、石菖蒲、炒水蛭、虻虫、蒲黄、黄连、生地、川芎、稀莶草）,方剂,由···组成,,稀莶草
稀莶草,中药材,组成,,汤剂（稀莶草、白薇、地龙、炒水蛭、虻虫、生蒲黄、川芎、石菖蒲、生槐花、赤芍、郁金、生地）
白薇,中药材,组成,,汤剂（稀莶草、白薇、地龙、炒水蛭、虻虫、生蒲黄、川芎、石菖蒲、生槐花、赤芍、郁金、生地）
地龙,中药材,组成,,汤剂（稀莶草、白薇、地龙、炒水蛭、虻虫、生蒲黄、川芎、石菖蒲、生槐花、赤芍、郁金、生地）
炒水蛭,中药材,组成,,汤剂（稀莶草、白薇、地龙、炒水蛭、虻虫、生蒲黄、川芎、石菖蒲、生槐花、赤芍、郁金、生地）
虻虫,中药材,组成,,汤剂（稀莶草、白薇、地龙、炒水蛭、虻虫、生蒲黄、川芎、石菖蒲、生槐花、赤芍、郁金、生地）
生蒲黄,中药材,组成,,汤剂（稀莶草、白薇、地龙、炒水蛭、虻虫、生蒲黄、川芎、石菖蒲、生槐花、赤芍、郁金、生地）
川芎,中药材,组成,,汤剂（稀莶草、白薇、地龙、炒水蛭、虻虫、生蒲黄、川芎、石菖蒲、生槐花、赤芍、郁金、生地）
石菖蒲,中药材,组成,,汤剂（稀莶草、白薇、地龙、炒水蛭、虻虫、生蒲黄、川芎、石菖蒲、生槐花、赤芍、郁金、生地）
生槐花,中药材,组成,,汤剂（稀莶草、白薇、地龙、炒水蛭、虻虫、生蒲黄、川芎、石菖蒲、生槐花、赤芍、郁金、生地）
赤芍,中药材,组成,,汤剂（稀莶草、白薇、地龙、炒水蛭、虻虫、生蒲黄、川芎、石菖蒲、生槐花、赤芍、郁金、生地）
郁金,中药材,组成,,汤剂（稀莶草、白薇、地龙、炒水蛭、虻虫、生蒲黄、川芎、石菖蒲、生槐花、赤芍、郁金、生地）
生地,中药材,组成,,汤剂（稀莶草、白薇、地龙、炒水蛭、虻虫、生蒲黄、川芎、石菖蒲、生槐花、赤芍、郁金、生地）
汤剂（稀莶草、白薇、地龙、炒水蛭、虻虫、生蒲黄、川芎、石菖蒲、生槐花、赤芍、郁金、生地）,方剂,由···组成,,稀莶草
汤剂（稀莶草、白薇、地龙、炒水蛭、虻虫、生蒲黄、川芎、石菖蒲、生槐花、赤芍、郁金、生地）,方剂,由···组成,,白薇
汤剂（稀莶草、白薇、地龙、炒水蛭、虻虫、生蒲黄、川芎、石菖蒲、生槐花、赤芍、郁金、生地）,方剂,由···组成,,地龙
汤剂（稀莶草、白薇、地龙、炒水蛭、虻虫、生蒲黄、川芎、石菖蒲、生槐花、赤芍、郁金、生地）,方剂,由···组成,,炒水蛭
汤剂（稀莶草、白薇、地龙、炒水蛭、虻虫、生蒲黄、川芎、石菖蒲、生槐花、赤芍、郁金、生地）,方剂,由···组成,,虻虫
汤剂（稀莶草、白薇、地龙、炒水蛭、虻虫、生蒲黄、川芎、石菖蒲、生槐花、赤芍、郁金、生地）,方剂,由···组成,,生蒲黄
汤剂（稀莶草、白薇、地龙、炒水蛭、虻虫、生蒲黄、川芎、石菖蒲、生槐花、赤芍、郁金、生地）,方剂,由···组成,,川芎
汤剂（稀莶草、白薇、地龙、炒水蛭、虻虫、生蒲黄、川芎、石菖蒲、生槐花、赤芍、郁金、生地）,方剂,由···组成,,石菖蒲
汤剂（稀莶草、白薇、地龙、炒水蛭、虻虫、生蒲黄、川芎、石菖蒲、生槐花、赤芍、郁金、生地）,方剂,由···组成,,生槐花
汤剂（稀莶草、白薇、地龙、炒水蛭、虻虫、生蒲黄、川芎、石菖蒲、生槐花、赤芍、郁金、生地）,方剂,由···组成,,赤芍
汤剂（稀莶草、白薇、地龙、炒水蛭、虻虫、生蒲黄、川芎、石菖蒲、生槐花、赤芍、郁金、生地）,方剂,由···组成,,郁金
汤剂（稀莶草、白薇、地龙、炒水蛭、虻虫、生蒲黄、川芎、石菖蒲、生槐花、赤芍、郁金、生地）,方剂,由···组成,,生地
黄芪,中药材,组成,,汤剂（黄芪、地龙、当归尾、炒水蛭、虻虫、川芎、生蒲黄、稀莶草、巴戟肉、牛膝、白薇、秦艽）
地龙,中药材,组成,,汤剂（黄芪、地龙、当归尾、炒水蛭、虻虫、川芎、生蒲黄、稀莶草、巴戟肉、牛膝、白薇、秦艽）
当归尾,中药材,组成,,汤剂（黄芪、地龙、当归尾、炒水蛭、虻虫、川芎、生蒲黄、稀莶草、巴戟肉、牛膝、白薇、秦艽）
炒水蛭,中药材,组成,,汤剂（黄芪、地龙、当归尾、炒水蛭、虻虫、川芎、生蒲黄、稀莶草、巴戟肉、牛膝、白薇、秦艽）
虻虫,中药材,组成,,汤剂（黄芪、地龙、当归尾、炒水蛭、虻虫、川芎、生蒲黄、稀莶草、巴戟肉、牛膝、白薇、秦艽）
川芎,中药材,组成,,汤剂（黄芪、地龙、当归尾、炒水蛭、虻虫、川芎、生蒲黄、稀莶草、巴戟肉、牛膝、白薇、秦艽）
生蒲黄,中药材,组成,,汤剂（黄芪、地龙、当归尾、炒水蛭、虻虫、川芎、生蒲黄、稀莶草、巴戟肉、牛膝、白薇、秦艽）
稀莶草,中药材,组成,,汤剂（黄芪、地龙、当归尾、炒水蛭、虻虫、川芎、生蒲黄、稀莶草、巴戟肉、牛膝、白薇、秦艽）
巴戟肉,中药材,组成,,汤剂（黄芪、地龙、当归尾、炒水蛭、虻虫、川芎、生蒲黄、稀莶草、巴戟肉、牛膝、白薇、秦艽）
牛膝,中药材,组成,,汤剂（黄芪、地龙、当归尾、炒水蛭、虻虫、川芎、生蒲黄、稀莶草、巴戟肉、牛膝、白薇、秦艽）
白薇,中药材,组成,,汤剂（黄芪、地龙、当归尾、炒水蛭、虻虫、川芎、生蒲黄、稀莶草、巴戟肉、牛膝、白薇、秦艽）
秦艽,中药材,组成,,汤剂（黄芪、地龙、当归尾、炒水蛭、虻虫、川芎、生蒲黄、稀莶草、巴戟肉、牛膝、白薇、秦艽）
汤剂（黄芪、地龙、当归尾、炒水蛭、虻虫、川芎、生蒲黄、稀莶草、巴戟肉、牛膝、白薇、秦艽）,方剂,由···组成,,黄芪
汤剂（黄芪、地龙、当归尾、炒水蛭、虻虫、川芎、生蒲黄、稀莶草、巴戟肉、牛膝、白薇、秦艽）,方剂,由···组成,,地龙
汤剂（黄芪、地龙、当归尾、炒水蛭、虻虫、川芎、生蒲黄、稀莶草、巴戟肉、牛膝、白薇、秦艽）,方剂,由···组成,,当归尾
汤剂（黄芪、地龙、当归尾、炒水蛭、虻虫、川芎、生蒲黄、稀莶草、巴戟肉、牛膝、白薇、秦艽）,方剂,由···组成,,炒水蛭
汤剂（黄芪、地龙、当归尾、炒水蛭、虻虫、川芎、生蒲黄、稀莶草、巴戟肉、牛膝、白薇、秦艽）,方剂,由···组成,,虻虫
汤剂（黄芪、地龙、当归尾、炒水蛭、虻虫、川芎、生蒲黄、稀莶草、巴戟肉、牛膝、白薇、秦艽）,方剂,由···组成,,川芎
汤剂（黄芪、地龙、当归尾、炒水蛭、虻虫、川芎、生蒲黄、稀莶草、巴戟肉、牛膝、白薇、秦艽）,方剂,由···组成,,生蒲黄
汤剂（黄芪、地龙、当归尾、炒水蛭、虻虫、川芎、生蒲黄、稀莶草、巴戟肉、牛膝、白薇、秦艽）,方剂,由···组成,,稀莶草
汤剂（黄芪、地龙、当归尾、炒水蛭、虻虫、川芎、生蒲黄、稀莶草、巴戟肉、牛膝、白薇、秦艽）,方剂,由···组成,,巴戟肉
汤剂（黄芪、地龙、当归尾、炒水蛭、虻虫、川芎、生蒲黄、稀莶草、巴戟肉、牛膝、白薇、秦艽）,方剂,由···组成,,牛膝
汤剂（黄芪、地龙、当归尾、炒水蛭、虻虫、川芎、生蒲黄、稀莶草、巴戟肉、牛膝、白薇、秦艽）,方剂,由···组成,,白薇
汤剂（黄芪、地龙、当归尾、炒水蛭、虻虫、川芎、生蒲黄、稀莶草、巴戟肉、牛膝、白薇、秦艽）,方剂,由···组成,,秦艽
山茱萸,中药材,组成,,汤剂（山茱萸、熟地、淫羊藿、地龙、龟胶、稀莶草、川芎、炒水蛭、红花、砂仁、黄芪）
熟地,中药材,组成,,汤剂（山茱萸、熟地、淫羊藿、地龙、龟胶、稀莶草、川芎、炒水蛭、红花、砂仁、黄芪）
淫羊藿,中药材,组成,,汤剂（山茱萸、熟地、淫羊藿、地龙、龟胶、稀莶草、川芎、炒水蛭、红花、砂仁、黄芪）
地龙,中药材,组成,,汤剂（山茱萸、熟地、淫羊藿、地龙、龟胶、稀莶草、川芎、炒水蛭、红花、砂仁、黄芪）
龟胶,中药材,组成,,汤剂（山茱萸、熟地、淫羊藿、地龙、龟胶、稀莶草、川芎、炒水蛭、红花、砂仁、黄芪）
稀莶草,中药材,组成,,汤剂（山茱萸、熟地、淫羊藿、地龙、龟胶、稀莶草、川芎、炒水蛭、红花、砂仁、黄芪）
川芎,中药材,组成,,汤剂（山茱萸、熟地、淫羊藿、地龙、龟胶、稀莶草、川芎、炒水蛭、红花、砂仁、黄芪）
炒水蛭,中药材,组成,,汤剂（山茱萸、熟地、淫羊藿、地龙、龟胶、稀莶草、川芎、炒水蛭、红花、砂仁、黄芪）
红花,中药材,组成,,汤剂（山茱萸、熟地、淫羊藿、地龙、龟胶、稀莶草、川芎、炒水蛭、红花、砂仁、黄芪）
砂仁,中药材,组成,,汤剂（山茱萸、熟地、淫羊藿、地龙、龟胶、稀莶草、川芎、炒水蛭、红花、砂仁、黄芪）
黄芪,中药材,组成,,汤剂（山茱萸、熟地、淫羊藿、地龙、龟胶、稀莶草、川芎、炒水蛭、红花、砂仁、黄芪）
汤剂（山茱萸、熟地、淫羊藿、地龙、龟胶、稀莶草、川芎、炒水蛭、红花、砂仁、黄芪）,方剂,由···组成,,山茱萸
汤剂（山茱萸、熟地、淫羊藿、地龙、龟胶、稀莶草、川芎、炒水蛭、红花、砂仁、黄芪）,方剂,由···组成,,熟地
汤剂（山茱萸、熟地、淫羊藿、地龙、龟胶、稀莶草、川芎、炒水蛭、红花、砂仁、黄芪）,方剂,由···组成,,淫羊藿
汤剂（山茱萸、熟地、淫羊藿、地龙、龟胶、稀莶草、川芎、炒水蛭、红花、砂仁、黄芪）,方剂,由···组成,,地龙
汤剂（山茱萸、熟地、淫羊藿、地龙、龟胶、稀莶草、川芎、炒水蛭、红花、砂仁、黄芪）,方剂,由···组成,,龟胶
汤剂（山茱萸、熟地、淫羊藿、地龙、龟胶、稀莶草、川芎、炒水蛭、红花、砂仁、黄芪）,方剂,由···组成,,稀莶草
汤剂（山茱萸、熟地、淫羊藿、地龙、龟胶、稀莶草、川芎、炒水蛭、红花、砂仁、黄芪）,方剂,由···组成,,川芎
汤剂（山茱萸、熟地、淫羊藿、地龙、龟胶、稀莶草、川芎、炒水蛭、红花、砂仁、黄芪）,方剂,由···组成,,炒水蛭
汤剂（山茱萸、熟地、淫羊藿、地龙、龟胶、稀莶草、川芎、炒水蛭、红花、砂仁、黄芪）,方剂,由···组成,,红花
汤剂（山茱萸、熟地、淫羊藿、地龙、龟胶、稀莶草、川芎、炒水蛭、红花、砂仁、黄芪）,方剂,由···组成,,砂仁
汤剂（山茱萸、熟地、淫羊藿、地龙、龟胶、稀莶草、川芎、炒水蛭、红花、砂仁、黄芪）,方剂,由···组成,,黄芪
补阳还五汤,方剂,组成,,（补阳还五汤加乌梢蛇、僵蚕、全蝎、水蛭）
乌梢蛇,中药材,组成,,（补阳还五汤加乌梢蛇、僵蚕、全蝎、水蛭）
僵蚕,中药材,组成,,（补阳还五汤加乌梢蛇、僵蚕、全蝎、水蛭）
全蝎,中药材,组成,,（补阳还五汤加乌梢蛇、僵蚕、全蝎、水蛭）
水蛭,中药材,组成,,（补阳还五汤加乌梢蛇、僵蚕、全蝎、水蛭）
（补阳还五汤加乌梢蛇、僵蚕、全蝎、水蛭）,方剂,由···组成,,补阳还五汤
（补阳还五汤加乌梢蛇、僵蚕、全蝎、水蛭）,方剂,由···组成,,乌梢蛇
（补阳还五汤加乌梢蛇、僵蚕、全蝎、水蛭）,方剂,由···组成,,僵蚕
（补阳还五汤加乌梢蛇、僵蚕、全蝎、水蛭）,方剂,由···组成,,全蝎
（补阳还五汤加乌梢蛇、僵蚕、全蝎、水蛭）,方剂,由···组成,,水蛭
补阳还五汤,方剂,组成,,（补阳还五汤加苏木、土鳖虫、稀签草）
苏木,中药材,组成,,（补阳还五汤加苏木、土鳖虫、稀签草）
土鳖虫,中药材,组成,,（补阳还五汤加苏木、土鳖虫、稀签草）
稀莶草,中药材,组成,,（补阳还五汤加苏木、土鳖虫、稀签草）
（补阳还五汤加苏木、土鳖虫、稀签草）,方剂,由···组成,,补阳还五汤
（补阳还五汤加苏木、土鳖虫、稀签草）,方剂,由···组成,,苏木
（补阳还五汤加苏木、土鳖虫、稀签草）,方剂,由···组成,,土鳖虫
（补阳还五汤加苏木、土鳖虫、稀签草）,方剂,由···组成,,稀莶草
大黄黄连泻心汤,方剂,组成,,（大黄黄连泻心汤加白及、马灯草）
白及,中药材,组成,,（大黄黄连泻心汤加白及、马灯草）
马灯草,中药材,组成,,（大黄黄连泻心汤加白及、马灯草）
（大黄黄连泻心汤加白及、马灯草）,方剂,由···组成,,大黄黄连泻心汤
（大黄黄连泻心汤加白及、马灯草）,方剂,由···组成,,白及
（大黄黄连泻心汤加白及、马灯草）,方剂,由···组成,,马灯草
